531967f0-f721-4767-89f9-e644a6acb866,5,2019-04-17T09:43:38Z,2019-10-30T21:30:26Z
e93ee6d7-5e46-4c55-b2e3-5c64ce6cc799,2,2019-04-16T05:50:40Z,2019-04-30T01:10:10Z
5f25e82c-6003-40f0-b376-436fe50e456a,7,2019-04-20T11:40:43Z,2019-04-30T06:58:52Z
349b8633-251b-401b-911a-9941258edca0,5,2019-04-18T22:01:19Z,2019-04-30T01:16:58Z
457ef960-1587-4f2f-a111-6224bf08ffd7,7,2019-04-15T09:47:58Z,2019-04-30T03:58:04Z
6537895f-2fab-43b6-b723-4914f3bcd04d,1,2019-04-09T04:22:56Z,2019-04-30T16:47:26Z
719dd4ba-bd10-4ebe-9bcc-93c9c5cd0176,6,2019-04-15T08:10:22Z,2019-04-30T22:18:19Z
9a318f92-32ca-48b6-8b99-463ad1ea05fe,3,2019-04-14T15:28:57Z,2019-04-30T11:26:26Z
95785143-c91f-4234-afd6-f98d054e4276,7,2019-04-14T18:44:32Z,2019-04-30T18:49:40Z
658b3d96-7a14-4724-afb7-3f8b7565dc12,7,2019-04-06T07:14:33Z,2019-04-30T12:12:15Z
48630449-c527-4e41-9274-1de21ed61d36,10,2019-04-19T13:02:01Z,2019-04-30T01:27:23Z
bd8ff4e9-d771-43a6-a075-16662bda31ed,6,2019-04-10T06:17:59Z,2019-04-30T21:23:35Z
f3e8317a-9e9c-4e89-84bb-789132d315e2,4,2019-04-07T23:23:47Z,2019-04-30T14:51:51Z
85d59a49-aa74-406b-9f40-e87865a8170f,8,2019-04-16T01:10:45Z,2019-04-30T16:51:27Z
a468e5db-886c-4cc6-abb8-1d915484f8ce,4,2019-04-05T07:00:54Z,2019-04-30T08:09:12Z
0aeeb7b7-e1e4-4b41-b4f0-0599820e5c9c,1,2019-04-10T02:54:15Z,2019-04-30T18:59:44Z
8a781167-6778-41bd-be81-8fe65b54b61e,8,2019-04-18T18:32:50Z,2019-04-30T23:46:04Z
7714e481-9f73-4453-97cc-af90044097d3,6,2019-04-27T18:38:33Z,2019-04-30T19:39:45Z
2cff7311-5c9c-492f-92e1-daf9d1a652d9,1,2019-04-19T08:40:06Z,2019-04-30T20:14:34Z
6258e775-981c-4e72-a015-1ef804a20d20,6,2019-04-23T18:40:16Z,2019-04-30T11:06:45Z
061ca610-0c8a-48ea-91c5-00a71fcd577b,5,2019-04-08T08:36:51Z,2019-04-30T11:05:57Z
0692bf94-df7d-4643-b9a1-0550d3fc582c,8,2019-04-19T13:54:47Z,2019-04-30T17:55:07Z
2553b611-b13b-48b3-bcc0-1478052ab639,4,2019-04-05T23:41:45Z,2019-04-30T00:58:11Z
65b60fb4-7f00-4607-bc61-2da64caec5c2,10,2019-04-23T22:35:07Z,2019-04-30T13:34:28Z
24ed5df3-ccf9-4d68-b7e9-abe9d730058d,8,2019-04-29T19:29:58Z,2019-04-30T20:25:53Z
4d067896-9c01-4d77-94ca-546699645608,2,2019-04-10T18:30:55Z,2019-04-30T09:42:59Z
25bde62e-b6e7-4d97-a4f5-f1a29efdc213,10,2019-04-17T17:17:05Z,2019-04-30T08:57:21Z
e1b6ce54-daa1-42cf-a16a-61dc4c7618cc,10,2019-04-12T00:12:03Z,2019-04-30T03:18:58Z
63b18b4b-dabc-425b-9833-9c32e180407e,4,2019-04-17T15:03:41Z,2019-04-30T02:12:28Z
ac5ff31a-8c61-4adc-89de-68dbdffd051a,3,2019-04-13T14:51:58Z,2019-04-30T10:32:13Z
e4331874-6424-4b69-9641-e640a64b9298,8,2019-04-02T09:28:49Z,2019-04-30T14:22:16Z
20bb7720-7340-4884-afaf-babc5ac83bd7,1,2019-04-24T04:05:20Z,2019-04-30T19:49:03Z
d8eb0ae2-27e7-487f-9ff2-8cd5190b5c11,4,2019-04-08T02:19:03Z,2019-04-30T06:54:29Z
b4de853b-eef8-422d-98da-bd83127361b1,2,2019-04-19T10:08:09Z,2019-04-30T23:17:15Z
2182fdd4-2129-4019-ae1a-222dd6d00539,5,2019-04-10T16:49:25Z,2019-04-30T02:02:59Z
e0f23fce-b7fc-48cc-a1a4-5de3fff49abc,10,2019-04-09T14:26:26Z,2019-04-30T16:24:11Z
f5ec217e-964f-4555-b8bc-8498133a4d02,6,2019-04-28T09:41:28Z,2019-04-30T00:47:43Z
52ed2d08-b06a-4d7d-8e2c-9fff15fb0590,1,2019-04-12T19:31:39Z,2019-04-30T10:06:03Z
f0b5eb78-af36-4cd2-a470-dc974357420c,4,2019-04-05T07:18:05Z,2019-04-30T14:25:58Z
b53cefbb-05d0-414a-9841-5fd3003c4867,6,2019-04-12T20:20:33Z,2019-04-30T13:10:11Z
272ded7c-25f8-42c0-a364-d14be11dc535,3,2019-04-04T22:42:06Z,2019-04-30T09:10:01Z
12a7a537-e007-4f64-8992-d23b06975c85,3,2019-04-11T12:24:18Z,2019-04-30T20:56:15Z
019ff973-121b-49a3-973c-03e6d06eb6a5,1,2019-04-08T15:06:08Z,2019-04-30T20:57:48Z
fe2392ce-0ff8-4151-8a40-d3f5e67d9d3b,7,2019-04-10T06:02:37Z,2019-04-30T05:03:21Z
569563ad-f4e3-4bb2-903e-52e588ce8756,4,2019-04-21T18:18:41Z,2019-04-30T20:41:02Z
8a0a5425-e52c-41c8-98c2-56b48784d347,7,2019-04-22T06:25:16Z,2019-04-30T04:58:05Z
e966d8bd-708d-4a18-b2ac-b6b9ca937c96,6,2019-04-25T07:03:58Z,2019-04-30T08:34:49Z
c493c98a-2a10-4b2e-9f54-4e35328f174c,4,2019-04-28T11:55:01Z,2019-04-30T15:42:23Z
3fb9a34b-48bc-4513-8a34-7c2d975bdeba,2,2019-04-01T09:37:38Z,2019-04-30T13:48:21Z
99855a9c-6798-4a0b-93a2-fb94cbf61935,6,2019-04-08T11:26:18Z,2019-04-30T18:08:38Z
57e331c5-ccfd-4888-8109-0f30aa6f6d75,8,2019-04-20T06:41:41Z,2019-04-30T02:13:26Z
11613f81-99e1-46af-a032-4b330cbd75dc,8,2019-04-07T07:56:31Z,2019-04-30T08:12:18Z
1b9ee7c4-a405-42ab-9941-0662ce578862,6,2019-04-18T21:28:34Z,2019-04-30T16:19:24Z
c78a1766-2e44-411e-8906-462994f00adb,4,2019-04-12T14:49:59Z,2019-04-30T21:06:06Z
461bb8bd-c293-4d40-9232-dffd8018cf7f,9,2019-04-18T11:27:45Z,2019-04-30T22:03:05Z
7d3ace6c-2ef1-4872-a51c-c80cc589d5a5,4,2019-04-23T07:09:12Z,2019-04-30T21:25:52Z
ecd4996e-463e-4d22-a64d-24c91a7bad3f,4,2019-04-13T10:36:39Z,2019-04-30T05:36:36Z
e5f4645c-9716-4c35-a6a2-0fda1d4e8278,4,2019-04-15T17:45:22Z,2019-04-30T01:50:39Z
cc081ffc-954d-490a-9d57-f7938c9d5f4f,5,2019-04-06T21:21:39Z,2019-04-30T00:31:09Z
a7f8dd0b-7953-447d-8c0a-656844dbcafd,2,2019-04-21T22:48:09Z,2019-04-30T05:29:37Z
931d1371-d1a8-438f-96fd-b694606638ef,4,2019-04-06T14:50:54Z,2019-04-30T03:32:02Z
70d8a8bc-0c20-4939-b499-1a56b6b14ab9,1,2019-04-24T11:34:21Z,2019-04-30T19:20:29Z
49ef9b62-1159-4034-b691-964b7661d828,9,2019-04-07T21:05:15Z,2019-04-30T16:25:18Z
f03988b9-2524-4cb9-827c-4ce21aa367ff,9,2019-04-15T16:14:37Z,2019-04-30T22:14:50Z
614c934a-c34f-4edb-a7f3-295264755c72,1,2019-04-13T05:32:55Z,2019-04-30T11:13:10Z
aa6c36ee-79ac-41d1-b2c3-d7cddf766da7,3,2019-04-03T16:43:23Z,2019-04-30T16:56:18Z
4c6bc244-251f-4823-8a2b-04e3e33470a7,5,2019-04-09T14:57:54Z,2019-04-30T23:38:46Z
ac78493c-36d5-4e14-af5d-6091b0a504a0,7,2019-04-20T09:33:57Z,2019-04-30T10:38:05Z
f1271fbb-2d41-4383-ae14-6b950a635359,10,2019-04-06T14:36:36Z,2019-04-30T04:08:50Z
b148ae60-26a1-4df2-b49f-3729f73e85d2,9,2019-04-21T09:15:06Z,2019-04-30T08:35:06Z
3a75875c-a66a-4c2f-9935-a00f57bc14b9,7,2019-04-03T21:28:35Z,2019-04-30T10:59:34Z
badaa5f2-616f-4b4d-8b73-581a74350dae,5,2019-04-03T09:20:26Z,2019-04-30T02:02:58Z
a919e7db-71f5-4834-b848-1a8ca5037c78,4,2019-04-11T14:20:20Z,2019-04-30T04:57:38Z
50e62171-b9be-4d76-8cf9-3a1402f17dbb,10,2019-04-11T08:19:29Z,2019-04-30T16:05:28Z
188d261d-eac8-4c92-be7e-e523cedcd052,5,2019-04-09T20:08:32Z,2019-04-30T23:06:50Z
4dafd96c-92e1-407d-8eed-0944fd4fb761,6,2019-04-25T04:37:43Z,2019-04-30T14:05:06Z
0a88cdf1-7324-4384-86cb-5f88eb218499,8,2019-04-10T14:15:23Z,2019-04-30T14:40:12Z
b38094d0-2809-4793-91bc-e228c8fe5491,4,2019-04-19T20:30:14Z,2019-04-30T11:55:53Z
46ac1090-06fb-4a81-861e-419f8e8979ca,9,2019-04-17T03:29:16Z,2019-04-30T07:55:00Z
e9197ffb-adaf-40b1-ab4a-cbacfd01207b,9,2019-04-28T20:18:16Z,2019-04-30T11:55:29Z
d1a02ffd-f713-419e-8ddd-6ebf762677fb,7,2019-04-05T18:26:10Z,2019-04-30T01:03:55Z
e13e9dad-c4c0-4ca9-b0ab-0b77431d9a91,8,2019-04-08T03:39:21Z,2019-04-30T13:13:03Z
4f43ad98-bec2-4b96-a22d-9c84aa7f8197,8,2019-04-15T23:43:08Z,2019-04-30T03:38:20Z
5e8ed464-eb72-4b34-bac2-afcfa62061a9,6,2019-04-19T13:15:19Z,2019-04-30T13:40:49Z
f4cae664-ba04-49e4-aeea-086fe0974e09,9,2019-04-14T04:26:04Z,2019-04-30T17:40:09Z
748f006a-2dd8-418d-8e10-0196b7e7ebb7,8,2019-04-07T18:28:57Z,2019-04-30T11:25:29Z
736742e1-f874-4bb0-9f26-b5e97f904a0a,5,2019-04-03T18:23:00Z,2019-04-30T22:33:42Z
49c21af3-c40e-4fa5-b969-6f16bd00e299,7,2019-04-01T21:40:37Z,2019-04-30T05:59:37Z
49770312-5ab4-4414-b500-81eb19329b66,1,2019-04-10T12:21:43Z,2019-04-30T05:36:28Z
0c41b1f1-1542-4ad7-9ea8-3a971ae5958e,4,2019-04-21T00:08:12Z,2019-04-30T14:51:04Z
ee0818f5-fa39-415c-bd2d-256a701c6abe,10,2019-04-04T07:34:00Z,2019-04-30T14:39:57Z
9ebeab31-1988-4347-b7b8-4a327ad2e96e,1,2019-04-13T07:55:29Z,2019-04-30T05:55:59Z
9e96f62d-cade-4dbf-81e4-d4db5ab4d1ef,1,2019-04-26T01:39:06Z,2019-04-30T18:32:17Z
ee6a9c15-ee5f-4dbe-8b31-a1fa9d871bad,3,2019-04-11T00:19:30Z,2019-04-30T06:19:03Z
0104901b-a013-4529-8e27-a51db766c5c4,4,2019-04-05T03:08:38Z,2019-04-30T19:59:21Z
2a26e7df-51d4-4f9c-91ef-b2c8ef69a1ee,6,2019-04-13T07:34:55Z,2019-04-30T09:10:31Z
94bd2e5b-b4f7-457a-aff6-b583b9e38036,7,2019-04-19T12:45:14Z,2019-04-30T18:18:54Z
879064d5-3e8d-416e-8abe-74f08eb0ea7c,4,2019-04-15T07:05:40Z,2019-04-30T07:10:05Z
bd24c0f8-f001-470e-af3f-e09f11437d3b,3,2019-04-22T08:23:12Z,2019-04-30T14:14:32Z
bef6a2c1-9c70-4a25-bbae-39def724fc2a,9,2019-04-14T00:59:18Z,2019-04-30T22:39:59Z
b560485f-fb99-4f57-869e-52d3115f1311,10,2019-04-23T00:45:58Z,2019-04-30T07:17:49Z
1dd2c7fb-1416-4913-91a7-61027024f0d2,9,2019-04-25T22:42:27Z,2019-04-30T01:39:58Z
d455453a-338c-4da9-9ce9-6317bf6b1cd1,7,2019-04-20T08:14:23Z,2019-04-30T01:53:22Z
fb9549aa-c6ca-4351-bd7b-f3c04e026811,10,2019-04-25T18:54:14Z,2019-04-30T09:48:57Z
bb0a8283-9052-4bc7-8b4a-8d7841793eac,9,2019-04-22T17:52:22Z,2019-04-30T07:21:24Z
a0e8bdc7-e5a8-4f58-868c-048f4b767359,1,2019-04-28T19:30:31Z,2019-04-30T22:24:29Z
9199244f-4cc2-4313-84eb-6eecd99f0a83,7,2019-04-17T01:08:58Z,2019-04-30T22:03:55Z
94a4f771-0434-45a6-8863-0212439e9800,9,2019-04-01T03:58:30Z,2019-04-30T03:04:05Z
35ee86a3-d6f0-43e1-acc8-d00f17ec38cd,2,2019-04-10T21:21:29Z,2019-04-30T05:05:28Z
e7182beb-ff20-4865-acb4-9061efff2f35,5,2019-04-04T15:18:41Z,2019-04-30T22:43:56Z
949236e0-db4f-42fa-a7a4-f7625267b08d,10,2019-04-24T19:40:47Z,2019-04-30T22:48:32Z
93b6a758-3bd4-4b21-aa7e-7a90488b61b4,6,2019-04-19T05:15:31Z,2019-04-30T17:00:28Z
f2be9536-d2bc-44c4-bbc1-e190a8113314,2,2019-04-23T17:38:23Z,2019-04-30T20:49:20Z
3dc76b8c-3e53-4883-81e3-9e416a061ea3,6,2019-04-05T23:35:38Z,2019-04-30T02:58:48Z
d27588d6-7dfe-42ad-a650-c35058349b33,7,2019-04-28T00:31:45Z,2019-04-30T20:46:39Z
8a41e993-7562-4df3-ab88-3f32202a7b69,5,2019-04-04T11:39:01Z,2019-04-30T23:24:23Z
acc0395d-972e-4528-a4a7-99c0f828d21b,5,2019-04-17T12:00:56Z,2019-04-30T23:55:41Z
c3c3eb49-89e1-4d7d-9cc4-7200fbaa29e0,9,2019-04-06T11:52:28Z,2019-04-30T01:49:58Z
f2f12a93-e94f-48db-9407-a50454809785,1,2019-04-06T17:42:10Z,2019-04-30T18:35:18Z
a6281496-c267-4e01-9192-a0034876f063,9,2019-04-12T06:52:53Z,2019-04-30T15:15:16Z
2b6424b6-4353-4b9a-95df-1a8ac3f4fb3f,1,2019-04-17T08:40:32Z,2019-04-30T12:55:56Z
c31a67aa-a45c-4d33-b8b8-b76fe0dfdefa,1,2019-04-08T23:00:07Z,2019-04-30T15:59:43Z
dfeb0cb6-5d36-4fb7-82f3-d6306586acf3,3,2019-04-15T18:26:54Z,2019-04-30T10:53:33Z
5fd7696a-c8c9-4634-8271-43534d7055af,7,2019-04-22T18:23:30Z,2019-04-30T21:18:05Z
51ab093b-49dc-488f-9436-bfbe200de88e,7,2019-04-18T07:18:26Z,2019-04-30T04:57:52Z
8440b4ac-c224-45d6-bbeb-1eb5dc787c46,10,2019-04-04T10:44:04Z,2019-04-30T14:23:54Z
600cf6ca-c083-4e26-b5ac-5550b88db28c,1,2019-04-22T12:38:53Z,2019-04-30T23:27:32Z
d9c3ec91-90cc-4db1-8e86-621c03133e44,9,2019-04-08T20:15:01Z,2019-04-30T02:20:13Z
48b6992d-ca20-445d-a446-972234706b74,10,2019-04-11T04:21:21Z,2019-04-30T17:29:25Z
b2162c01-6742-4b40-a72e-65cffe5be2b9,10,2019-04-28T17:33:34Z,2019-04-30T22:35:03Z
db10b975-389f-41a8-a69d-f46596981b8a,3,2019-04-20T03:21:22Z,2019-04-30T03:07:50Z
1431f4fb-3ee9-4dd6-9046-17d31baf5f56,7,2019-04-22T13:27:04Z,2019-04-30T11:20:57Z
41229b8d-ddcd-4ff1-9d53-789a34dee1af,3,2019-04-26T01:03:26Z,2019-04-30T02:14:17Z
87edd356-0bd4-40f5-8a0b-95b0296b5a43,2,2019-04-19T23:54:01Z,2019-04-30T21:03:30Z
9d8381b2-3a77-4da5-b494-4420b6730f64,8,2019-04-29T01:11:42Z,2019-04-30T15:44:41Z
c0c099ee-ada4-4940-9a25-3fd7ab581664,6,2019-04-13T01:28:41Z,2019-04-30T10:47:13Z
aa72b35c-e187-481f-a573-719c6f9fe546,1,2019-04-11T20:11:58Z,2019-04-30T21:51:54Z
799e8236-cf84-4f58-b1f7-794e80ad5457,2,2019-04-20T05:07:56Z,2019-04-30T21:50:13Z
c24b25dd-1386-4c34-885b-a85f992dd5bc,1,2019-04-23T12:27:58Z,2019-04-30T18:55:01Z
d8a79ddc-9f85-44af-8071-c783d3694d13,7,2019-04-10T12:04:41Z,2019-04-30T08:05:31Z
2d48b2d5-d977-42b5-afca-7503dfe8f9a5,4,2019-04-08T06:56:52Z,2019-04-30T04:45:58Z
f9ee7b3e-bab4-4ccc-bfec-97df6c4f7a92,10,2019-04-20T21:50:38Z,2019-04-30T05:45:54Z
45aa10fd-8dd3-47e6-9b1c-e2c5d99143dc,4,2019-04-19T23:43:40Z,2019-04-30T18:54:36Z
5ba84f6f-79eb-444d-894a-b03916ff2005,3,2019-04-06T06:48:00Z,2019-04-30T12:49:56Z
db5503b0-2478-4d1c-a7b0-adca4617701b,3,2019-04-14T09:25:08Z,2019-04-30T04:57:01Z
fd8363fb-9f4a-4f81-97d1-7d0533123ac4,1,2019-04-20T23:27:36Z,2019-04-30T07:35:49Z
01ebf483-ff2d-4c0e-9c93-07eec90a327b,6,2019-04-08T20:37:57Z,2019-04-30T11:07:45Z
e77aa7df-c2ab-4fa8-8520-87df32fe3537,7,2019-04-03T11:28:34Z,2019-04-30T07:56:55Z
f6bde261-bb99-4966-a049-197e2f2fe565,6,2019-04-03T02:26:58Z,2019-04-30T19:16:35Z
832c9b82-857b-468c-b74d-7a20fb12ffd7,10,2019-04-03T17:10:09Z,2019-04-30T10:17:09Z
6a5a45b3-e0f0-46d6-ad8b-0f2b9b7daa49,3,2019-04-20T08:54:21Z,2019-04-30T12:23:40Z
b79beb28-f3b8-46f4-b682-6bfdb0d2c1e8,4,2019-04-03T08:52:36Z,2019-04-30T06:43:10Z
8ff8bb58-404b-4a06-b9be-c00ae0a1a0bd,6,2019-04-14T04:50:02Z,2019-04-30T23:54:31Z
c355056c-e391-4738-9c1d-121d9fc8dfa3,9,2019-04-29T09:52:33Z,2019-04-30T03:58:41Z
0cfa9bbd-a3c2-4adb-af15-af07b71d8567,10,2019-04-10T05:56:26Z,2019-04-30T17:57:01Z
ecf95070-e1a9-41cd-90e4-9b3dffcd4fbe,2,2019-04-27T04:52:19Z,2019-04-30T05:13:01Z
1a0287da-8b8b-43df-933e-208cb6966291,10,2019-04-28T12:37:27Z,2019-04-30T10:09:15Z
d672237d-8551-48cd-80a8-e5e8796d0a17,8,2019-04-09T06:24:36Z,2019-04-30T20:41:25Z
5abdf10b-44d1-4edb-80f7-c472573ac62b,1,2019-04-18T18:33:16Z,2019-04-30T07:19:26Z
3e637311-724c-4065-adf5-609d1c198a28,3,2019-04-18T01:08:54Z,2019-04-30T15:12:35Z
fea4e435-92e9-4b6f-9dc4-2a1a37200ccf,2,2019-04-05T09:18:40Z,2019-04-30T15:16:04Z
e0977038-c5ff-4b79-b327-6a282ee7fd2e,10,2019-04-12T21:13:07Z,2019-04-30T16:50:48Z
be09ba68-7fd9-4dca-a454-6ef97f13344c,2,2019-04-18T12:42:19Z,2019-04-30T02:14:04Z
53b65637-297e-480c-80b9-5a36c19a696d,3,2019-04-03T10:45:00Z,2019-04-30T22:49:09Z
2defc885-3a8f-4a37-abd1-58c028b25548,7,2019-04-25T06:34:56Z,2019-04-30T11:08:16Z
4f46a8c9-3a9b-4623-8897-2a68ad29f249,7,2019-04-06T10:10:35Z,2019-04-30T02:52:35Z
4d157b8e-6d5f-4251-9130-ac009a053813,4,2019-04-03T21:30:16Z,2019-04-30T23:22:28Z
de0e8d61-d9e5-4434-ad3b-ceb4e9d675cf,6,2019-04-10T01:26:06Z,2019-04-30T05:12:48Z
bf66aa51-81a2-4b2b-a900-7d7a0e4ef303,1,2019-04-09T20:35:18Z,2019-04-30T19:49:18Z
5b2f17b2-f303-4118-bd8d-58694efddd1d,8,2019-04-29T11:44:34Z,2019-04-30T23:31:36Z
6e3fd123-20c4-448c-9346-c5e845ca6b2f,10,2019-04-24T11:17:35Z,2019-04-30T01:24:53Z
fd333a2a-f14c-4a38-a28f-e400bf14a545,3,2019-04-18T15:50:07Z,2019-04-30T06:11:20Z
645b3fe1-d822-42e7-8b5a-0865ea1947ae,9,2019-04-09T20:52:58Z,2019-04-30T13:20:37Z
cc0b742b-33d1-4952-b778-bb9a14914da0,5,2019-04-10T00:57:07Z,2019-04-30T02:14:18Z
a3e44709-d867-49a4-9351-ef5c19eb46c9,1,2019-04-07T22:24:07Z,2019-04-30T11:15:16Z
8574b966-c6d1-4791-851d-d0ce801e2916,1,2019-04-04T02:53:14Z,2019-04-30T21:40:13Z
8a2358f9-fcc9-4c16-9703-e27678aeaea7,7,2019-04-09T18:31:27Z,2019-04-30T14:03:49Z
626d2fbc-6278-4d3b-806e-e805b8058f23,8,2019-04-11T07:42:16Z,2019-04-30T15:04:27Z
7a91033d-83a7-4ea7-8ddd-00cd9afd2b67,4,2019-04-24T17:42:45Z,2019-04-30T21:28:29Z
87e3cdd9-2fc2-4329-84d8-ed1b349482aa,10,2019-04-23T07:41:51Z,2019-04-30T07:48:00Z
c80c64c8-4332-4e3d-b89d-7d7447dd2075,3,2019-04-16T18:21:26Z,2019-04-30T01:29:58Z
a994fcd4-1f5c-4081-aac4-6c170ded5fc5,6,2019-04-10T04:34:50Z,2019-04-30T03:09:19Z
71cbe645-b55d-40ec-8f1f-50c59e1bf508,8,2019-04-11T10:00:19Z,2019-04-30T11:52:49Z
de170f24-5578-499f-8cf9-17001a887c3d,9,2019-04-06T07:09:42Z,2019-04-30T00:41:30Z
765da43e-3bae-42d8-8511-bc51922ac06d,9,2019-04-29T08:34:45Z,2019-04-30T12:44:09Z
521d8988-f01d-48b8-ae43-9ca0c8185b2d,1,2019-04-26T01:09:40Z,2019-04-30T01:50:05Z
d8820bd8-5687-478a-b6ec-fbf8c39939e1,1,2019-04-11T22:41:55Z,2019-04-30T00:40:23Z
09c4fc3c-0a93-4228-800a-d8d86ae53c98,9,2019-04-13T00:25:21Z,2019-04-30T17:01:59Z
7618edf1-5523-4c5e-aa00-e1049f59b940,3,2019-04-15T14:46:35Z,2019-04-30T18:09:04Z
417b1e8f-19ba-430b-afe7-5df5256661f4,7,2019-04-14T02:20:06Z,2019-04-30T01:23:36Z
8c3ba9d2-aac4-4e2e-ac02-8510e3baf317,2,2019-04-06T03:39:59Z,2019-04-30T06:44:20Z
53992846-0523-49c5-86df-9768ec935e9f,4,2019-04-11T14:41:53Z,2019-04-30T12:15:59Z
2c288338-322a-4d6b-9e85-b132c9c970a1,3,2019-04-01T10:08:57Z,2019-04-30T02:56:01Z
c82379df-2fae-41dc-ab4e-daee0380721e,10,2019-04-03T04:24:53Z,2019-04-30T17:54:15Z
a62cbdc2-cb70-4396-80af-d6b73c84ae50,1,2019-04-29T11:02:53Z,2019-04-30T12:08:29Z
0071b367-3cc9-4db3-a6a2-330f9992310e,8,2019-04-29T11:29:58Z,2019-04-30T21:28:47Z
4462b87f-d262-4581-ab26-d1716b12ca33,7,2019-04-01T11:28:11Z,2019-04-30T15:07:23Z
15157b33-4a92-4cc4-8e28-893599c3ef52,7,2019-04-11T03:54:19Z,2019-04-30T19:04:44Z
3378eaca-c583-4d7e-a8ab-1e4cb49572b8,10,2019-04-01T04:57:02Z,2019-04-30T04:49:32Z
9c1cacbb-42ff-4293-9da6-4c354dcc5960,9,2019-04-06T05:54:19Z,2019-04-30T05:44:00Z
237b4aac-9abf-43cf-b29b-7a94ed1d684b,9,2019-04-17T03:02:52Z,2019-04-30T08:30:20Z
0ba158db-c8cc-4bb4-9897-686db1958566,4,2019-04-25T12:45:01Z,2019-04-30T12:51:43Z
59205cc9-2943-4750-8d78-72d9f17962a5,9,2019-04-28T12:36:13Z,2019-04-30T19:49:17Z
85759a98-6c38-448a-8b88-9b0dd456e167,9,2019-04-03T10:47:50Z,2019-04-30T19:23:22Z
40ea886d-a346-4edd-829b-502b44afe211,8,2019-04-05T12:48:46Z,2019-04-30T04:17:23Z
06940039-2852-4dcd-9825-52a47a334dc4,4,2019-04-14T11:28:44Z,2019-04-30T16:33:40Z
b80ead33-3671-4c79-829a-eb53d9ffbbae,1,2019-04-24T12:21:38Z,2019-04-30T10:28:38Z
af62f671-6b27-45e0-b797-a60ed2852dc6,3,2019-04-08T22:32:50Z,2019-04-30T17:14:52Z
4e2c79f8-15ee-4884-a097-549fe80a5b5e,2,2019-04-01T01:02:57Z,2019-04-30T07:15:29Z
71520e22-abb2-4125-aaec-51cb11a9e6ee,1,2019-04-10T01:57:02Z,2019-04-30T18:36:10Z
7687f6a4-40d7-460c-a692-ee0fab37488c,5,2019-04-24T10:50:33Z,2019-04-30T06:14:02Z
5ae27550-fca0-44a5-82d1-5397850b13df,5,2019-04-27T00:40:56Z,2019-04-30T10:56:01Z
d5dc736b-7b5c-41e6-bf2e-5cf80f64ee8f,1,2019-04-13T00:03:21Z,2019-04-30T16:12:27Z
73e3c613-1ca0-4c15-864f-d602702ea7ec,1,2019-04-28T01:53:46Z,2019-04-30T07:16:32Z
798f36d9-6284-4c40-8768-1927e99e2ade,3,2019-04-18T00:47:53Z,2019-04-30T07:59:15Z
edea8037-9069-44c0-91c1-ab0d798d3baa,1,2019-04-20T01:39:59Z,2019-04-30T09:22:46Z
828d8b66-8a78-4671-9e70-649c6251fadf,6,2019-04-23T14:30:53Z,2019-04-30T03:41:19Z
a41e9171-c82a-44f9-9581-30b09def4662,10,2019-04-09T04:23:08Z,2019-04-30T04:17:58Z
56a0ff28-465c-4808-bc1e-f663eb89280e,2,2019-04-17T08:30:58Z,2019-04-30T07:40:39Z
65559b5c-b20c-4b2d-b051-cbe8a435f30e,2,2019-04-19T21:26:01Z,2019-04-30T10:43:05Z
048adf7d-5879-4778-a643-65e9ca14754e,1,2019-04-07T22:11:53Z,2019-04-30T14:03:14Z
9fe36b8e-e9ea-4dfb-8144-5e66837b1b60,8,2019-04-03T21:26:02Z,2019-04-30T08:32:11Z
f1749f5d-3b83-43b9-ad47-daed2ef64a3b,7,2019-04-04T14:01:55Z,2019-04-30T11:44:48Z
b9999189-b3ba-46aa-81f4-77fa3ef207a5,9,2019-04-26T20:25:32Z,2019-04-30T21:57:32Z
cfb94e9c-6785-450a-b8ce-a77ad7a75d8b,9,2019-04-21T17:16:12Z,2019-04-30T13:27:12Z
a72e280f-3eea-4de0-a22f-ddd38b9f81b9,10,2019-04-23T16:40:33Z,2019-04-30T18:33:37Z
a0b2e6e4-b43a-4e23-9dc3-5fd576e4df59,2,2019-04-25T18:05:15Z,2019-04-30T07:34:24Z
3bafdb06-0e65-42db-90e1-451aff00f453,7,2019-04-14T14:18:36Z,2019-04-30T12:05:47Z
16a2f807-5bf8-4615-9780-9385c9a46e77,6,2019-04-19T19:49:57Z,2019-04-30T03:52:34Z
69961f92-f353-4352-ae0e-42b498e40089,4,2019-04-01T02:09:02Z,2019-04-30T05:01:37Z
c2cc98e8-c053-4156-a69f-8401348646ce,10,2019-04-26T07:45:59Z,2019-04-30T08:57:30Z
e0aaccac-bccb-4068-9862-5aacb632bb9b,5,2019-04-03T10:37:10Z,2019-04-30T23:44:11Z
b9096d91-6c54-474e-a23e-8ed3c14414ed,4,2019-04-22T17:13:52Z,2019-04-30T14:28:41Z
9b113fbe-0124-436f-93be-722397f99525,1,2019-04-26T16:22:21Z,2019-04-30T11:31:26Z
a5c28960-e42c-4a0e-a1df-e324a4c5dba9,1,2019-04-05T08:19:24Z,2019-04-30T22:30:37Z
e94d1e38-3ed4-4558-890d-62165a07f157,10,2019-04-18T15:00:46Z,2019-04-30T00:04:39Z
f7efa66d-c4a8-4ece-9af1-7e12a5a39a75,8,2019-04-01T15:02:32Z,2019-04-30T20:57:55Z
b72a0341-9593-4850-9624-3038869b0955,8,2019-04-29T00:30:19Z,2019-04-30T10:01:30Z
f71bb8b4-d649-460a-9577-f1e9aea5688d,8,2019-04-11T18:19:09Z,2019-04-30T14:34:39Z
b8fcd04b-acaa-4dc1-b5d9-2943a9e02de0,8,2019-04-03T10:25:03Z,2019-04-30T20:25:02Z
93ef705f-c2ea-437a-82cd-1124ff3b6ba4,8,2019-04-25T07:32:15Z,2019-04-30T08:51:20Z
3d44698a-f224-4a4d-aeaa-bf1003b3302e,3,2019-04-22T01:38:18Z,2019-04-30T00:25:58Z
c19b35dc-f8bb-407c-8644-5c1cffda7b3f,2,2019-04-15T04:05:52Z,2019-04-30T20:52:52Z
718a60c3-ef07-45c3-8f53-eeb813ca5909,9,2019-04-29T07:18:24Z,2019-04-30T05:01:33Z
5429c7ec-1426-472f-9a39-90565341f426,1,2019-04-20T21:35:28Z,2019-04-30T02:43:51Z
e6eb6825-19da-4313-b92b-981747ef9ddf,4,2019-04-28T03:53:06Z,2019-04-30T19:23:46Z
9f0ef945-e1ff-4bd2-b096-f80fe0a67f62,8,2019-04-23T06:54:00Z,2019-04-30T09:04:46Z
06bf8ca6-7b45-40f5-8ebd-e105446e1f0d,5,2019-04-27T16:54:55Z,2019-04-30T02:11:51Z
acd63ae0-7d03-4bad-80b8-f3f63c7360f8,8,2019-04-09T06:40:16Z,2019-04-30T11:56:06Z
dc2b909f-5754-4409-a397-347d228d217e,4,2019-04-04T08:08:13Z,2019-04-30T11:06:48Z
0652200d-de26-4c9c-a8d0-aed2a7535238,9,2019-04-17T21:58:51Z,2019-04-30T23:07:56Z
e29aae36-ed26-48e3-ab75-7539addd91ca,8,2019-04-17T21:06:55Z,2019-04-30T03:33:39Z
13100379-08c0-4432-b7af-ebcaa2d16099,6,2019-04-24T00:56:17Z,2019-04-30T06:42:05Z
ababe84f-798b-4669-843e-791c20c2dd30,6,2019-04-23T14:38:42Z,2019-04-30T14:24:22Z
6604911f-cbfd-40de-96bd-ff581e148e22,3,2019-04-23T03:01:49Z,2019-04-30T21:03:18Z
e7dd65b8-081b-465a-9a3f-6b5176a6fb72,9,2019-04-26T00:26:34Z,2019-04-30T06:55:22Z
a7c81a97-2d59-4a7a-b894-fd92fb3350ad,6,2019-04-10T17:24:21Z,2019-04-30T08:23:29Z
14c6b1cc-1843-4068-aebe-8f86c861741d,4,2019-04-21T06:36:40Z,2019-04-30T07:25:52Z
37db1b6e-4a61-4ce5-8805-3f0548764f29,4,2019-04-26T10:53:26Z,2019-04-30T17:51:29Z
a251dcc3-56fe-4795-a1eb-93eced83d2a3,9,2019-04-15T22:23:46Z,2019-04-30T18:14:51Z
b0ac6005-7729-4d5c-a97b-ad5471cef974,1,2019-04-05T07:02:51Z,2019-04-30T00:29:37Z
dd1bfc58-f57f-456d-bdf0-f93df909be04,7,2019-04-17T21:06:05Z,2019-04-30T14:02:49Z
01579fe7-d6e6-4aa8-b722-0e62c3451fa3,8,2019-04-19T15:21:03Z,2019-04-30T05:19:12Z
5d56d1dd-e137-4018-9e78-f28c79c25807,3,2019-04-04T19:25:45Z,2019-04-30T00:43:47Z
47dae9d8-aea4-4305-9340-25533d9e7487,1,2019-04-04T01:31:32Z,2019-04-30T18:29:20Z
e1766390-8d53-4fcf-8606-cccab5a041bc,3,2019-04-15T11:39:58Z,2019-04-30T14:13:04Z
6f5114bf-66a6-4f78-b510-3d08342826d9,8,2019-04-25T13:07:43Z,2019-04-30T11:56:06Z
4337169b-1337-4db1-8f64-23c28c397426,8,2019-04-02T13:09:31Z,2019-04-30T04:00:37Z
6da6396e-0f85-4416-bba6-550d3f7d51b2,10,2019-04-05T17:05:53Z,2019-04-30T09:36:58Z
fb0013da-fb03-45b2-9259-5053c9f03564,10,2019-04-09T10:49:01Z,2019-04-30T12:01:10Z
3be425ae-7ac0-48f7-a75f-6c88dbfb3c8c,8,2019-04-19T01:42:20Z,2019-04-30T18:58:10Z
b437c5a7-543b-4cb9-9b72-08c70b06c173,5,2019-04-01T12:13:38Z,2019-04-30T22:50:30Z
6fd579c6-0b7d-4eeb-9cb7-e8d74d5db7ff,10,2019-04-27T02:32:15Z,2019-04-30T11:50:48Z
4cd58371-40d3-4f2a-ba02-e027b413ee79,4,2019-04-04T12:08:58Z,2019-04-30T05:05:39Z
6be64ab0-4d3c-4757-8cc9-6ce15f398789,2,2019-04-21T22:59:09Z,2019-04-30T02:31:14Z
b35d046d-3a91-47a5-8055-e0bd9a9bc205,10,2019-04-03T11:51:12Z,2019-04-30T19:28:09Z
9da9f489-6f75-4c1f-8261-81dfcfb44e12,2,2019-04-19T22:50:26Z,2019-04-30T17:19:03Z
196fcc15-c734-4da4-9d2a-1f7441df6a4c,7,2019-04-01T20:11:41Z,2019-04-30T03:27:26Z
228f666b-aaf8-43b2-bd04-20aeebcca21e,1,2019-04-26T16:38:31Z,2019-04-30T10:36:46Z
d6907767-f0a7-400e-9da1-db2a71bb1aed,1,2019-04-12T15:01:25Z,2019-04-30T02:53:29Z
41de5c3f-537c-4da5-8717-1928d853a20e,3,2019-04-09T04:21:56Z,2019-04-30T01:00:07Z
1e3c01c1-f2e5-4c52-97ef-aa1f96c44568,7,2019-04-27T04:59:42Z,2019-04-30T21:25:56Z
dfd3aaf6-3cc9-4bcc-94e8-118d531e3b5a,3,2019-04-01T14:54:21Z,2019-04-30T22:12:20Z
9bcc9493-8605-4e7c-9efa-ba0682d91849,6,2019-04-19T16:52:31Z,2019-04-30T19:47:31Z
5dea796e-05db-4e82-8486-3d40cb715dc6,9,2019-04-09T07:48:06Z,2019-04-30T07:13:23Z
980b646b-2391-4cbe-b700-b46e73f017d3,6,2019-04-15T18:30:28Z,2019-04-30T00:08:15Z
ce41f1e8-484b-4b42-86f7-fa0ff2fe7d80,8,2019-04-14T16:36:00Z,2019-04-30T23:08:11Z
7dd93690-ac77-42d7-90fd-f56c6eb7a083,1,2019-04-06T20:32:44Z,2019-04-30T00:11:53Z
093dec7a-3b23-4c1a-89ae-9b87b64e3e54,10,2019-04-24T04:07:27Z,2019-04-30T23:36:15Z
fcef9635-63d2-45d0-b216-842dc60776d5,7,2019-04-20T17:13:00Z,2019-04-30T21:22:01Z
058313dd-5f2f-4956-bdba-2ac94c1cbfcc,1,2019-04-06T21:07:08Z,2019-04-30T01:09:02Z
79164f25-4d15-4a77-bcf1-563a962bc885,5,2019-04-22T12:02:16Z,2019-04-30T17:03:54Z
10f36e72-108f-4bc6-909c-28adfbbb0ce6,7,2019-04-12T03:49:53Z,2019-04-30T15:41:29Z
214d9028-5e0b-4396-b570-8b43ff057aa1,2,2019-04-15T19:26:38Z,2019-04-30T19:51:01Z
330b5b99-5055-4398-8d53-f85e408e0483,1,2019-04-28T11:34:21Z,2019-04-30T23:36:51Z
2943f122-8fe7-4ce3-8bb8-721dd22863e1,4,2019-04-09T05:00:20Z,2019-04-30T18:34:23Z
806df30c-e7d8-4a00-9e68-1af0972f7a5e,7,2019-04-22T18:44:16Z,2019-04-30T13:12:02Z
06f764eb-f8de-4034-8eb2-6dbfca6fd89e,7,2019-04-28T16:38:22Z,2019-04-30T04:48:43Z
d5550530-fee2-4998-b5df-b78365b0d46f,9,2019-04-06T13:19:51Z,2019-04-30T06:17:53Z
c5e03019-0340-49f0-9f04-e0f75533aedf,10,2019-04-24T02:02:57Z,2019-04-30T09:48:26Z
32422ce6-5d1b-4b36-80d1-eb910800cde5,4,2019-04-12T10:31:20Z,2019-04-30T16:53:34Z
c239023d-850f-446e-ba6f-c3c45c721384,3,2019-04-11T02:44:14Z,2019-04-30T08:51:49Z
fba5ce21-b64f-45e0-8d9a-26c2d892b184,6,2019-04-20T06:22:11Z,2019-04-30T09:43:47Z
4289a78a-74da-41d2-aab1-574868c063e0,9,2019-04-23T07:01:00Z,2019-04-30T16:38:21Z
5c4c4b94-af58-47ba-a1ee-e1999833ecf3,3,2019-04-22T22:53:48Z,2019-04-30T02:24:26Z
9174b7c8-c9ea-4276-84e6-5bc2a9627cb5,1,2019-04-09T15:57:48Z,2019-04-30T07:06:13Z
ef3ae2cc-d01d-4402-a244-5e82ac62ef79,4,2019-04-05T11:30:29Z,2019-04-30T22:34:04Z
13bddeb6-c9ce-48d3-a158-2e2d8adcd1a0,6,2019-04-26T12:29:23Z,2019-04-30T03:35:01Z
4f026572-eb93-480d-ba43-18642d763c6a,4,2019-04-27T13:29:45Z,2019-04-30T16:52:13Z
1ae0dc88-04a9-4743-95c0-6880940fc47c,9,2019-04-24T21:49:39Z,2019-04-30T02:57:49Z
a98fe5a7-1f02-4f4f-b2e2-f6de1629ea0f,4,2019-04-20T13:50:44Z,2019-04-30T01:39:25Z
196600ea-2582-4f30-82d9-fe49cfa5c25d,4,2019-04-05T20:29:19Z,2019-04-30T18:23:59Z
93d445be-e60a-4d9f-a8ac-37d71bc3b96f,2,2019-04-16T19:01:00Z,2019-04-30T09:28:24Z
97ba2f38-3e2d-401a-9443-8088a7e27193,7,2019-04-13T21:00:39Z,2019-04-30T06:25:10Z
aeedfb1b-598f-4a34-b8f3-0d0328bee245,1,2019-04-29T22:12:14Z,2019-04-30T22:52:33Z
8faa82d9-2f2b-4a8e-9d1b-c0e558e03fa9,10,2019-04-13T03:42:13Z,2019-04-30T13:50:46Z
b16bd1f5-8168-4ddc-b295-1fe14b85cba3,2,2019-04-17T05:40:19Z,2019-04-30T18:53:00Z
44bd68f0-a0b8-40ff-a9ca-c60ccfb90ff1,7,2019-04-25T23:43:10Z,2019-04-30T16:13:42Z
2b739516-4522-46d2-bbb5-7cf5eaf8a3ab,1,2019-04-28T07:01:17Z,2019-04-30T11:40:49Z
62db622a-b4f4-4b2a-9dea-a8f7f5611b7e,8,2019-04-17T10:06:00Z,2019-04-30T23:44:59Z
b7504b93-7ef4-4bd2-be20-e5155f29b3c2,1,2019-04-11T15:18:13Z,2019-04-30T02:48:01Z
0aaef2a3-2720-4cd5-8fa7-22efeee4b064,6,2019-04-07T08:08:44Z,2019-04-30T11:46:00Z
4f24ad7f-ea0a-4f3d-91be-b61a84587863,5,2019-04-15T12:19:45Z,2019-04-30T05:12:38Z
4ae5119e-05a8-4e8a-893f-5c844ab70651,3,2019-04-18T13:08:27Z,2019-04-30T13:52:24Z
72943c43-61ff-4278-ba8a-639dbf7fa0a5,2,2019-04-22T23:12:39Z,2019-04-30T07:44:43Z
2e1934d0-80ae-4be6-b4dc-089da8f8d8cc,6,2019-04-27T05:02:31Z,2019-04-30T18:44:29Z
acbdbd57-33bb-47d6-a41d-5104de9275a1,2,2019-04-07T18:02:53Z,2019-04-30T02:32:52Z
c8c72deb-83e6-4936-8119-6588cadc8112,6,2019-04-08T20:12:10Z,2019-04-30T02:46:30Z
8a36e3a9-f161-447e-80c4-62d51e842f9e,10,2019-04-10T23:36:59Z,2019-04-30T03:24:38Z
25ac8963-d15e-48da-8684-1be274516145,4,2019-04-29T02:48:35Z,2019-04-30T16:09:05Z
3112d4de-1871-4ff9-bc15-7a67639a72ec,3,2019-04-26T23:27:12Z,2019-04-30T01:59:38Z
7999ce78-93fa-4726-9498-0b333155dc51,4,2019-04-07T02:01:00Z,2019-04-30T00:14:01Z
e44708eb-3110-4ed0-bdc2-22eddd616c28,8,2019-04-16T13:05:57Z,2019-04-30T15:30:01Z
ab3aa715-46e1-42fb-97bf-97be27064ff4,10,2019-04-05T06:34:05Z,2019-04-30T22:38:10Z
c61cd815-b71c-400a-93b5-99bd556e9a96,9,2019-04-03T17:38:36Z,2019-04-30T05:06:16Z
d0fe2849-b9c5-479b-84ab-11b94bd215c5,2,2019-04-23T02:48:16Z,2019-04-30T14:38:37Z
823e3b40-3302-4298-a8eb-96bbe69df7e2,1,2019-04-08T16:18:50Z,2019-04-30T22:14:34Z
8ec7625d-5b99-4e94-9236-113a78ad954e,7,2019-04-03T05:13:12Z,2019-04-30T00:15:44Z
1568c89e-4fd4-465f-a9b4-c3d59a5e965c,6,2019-04-21T17:16:48Z,2019-04-30T06:26:41Z
4a507404-e9e7-40e8-b7ce-3082c408c343,10,2019-04-20T04:28:10Z,2019-04-30T03:35:49Z
a1ddcb06-c0aa-4d87-a041-7559fcc69841,9,2019-04-15T11:12:25Z,2019-04-30T13:16:16Z
71934347-7e9c-4ebe-8cc4-f9fd2a66d2da,1,2019-04-29T04:49:53Z,2019-04-30T13:56:37Z
ebad7a62-caef-4f17-8fcc-52987cd4b6f4,2,2019-04-10T22:52:39Z,2019-04-30T16:38:59Z
04b5355f-54b4-4f39-be15-f009ae26d55c,9,2019-04-12T02:13:17Z,2019-04-30T01:57:18Z
070414ab-eb41-4184-8699-365e2070a1b3,4,2019-04-12T10:09:23Z,2019-04-30T08:44:14Z
e3687517-c515-4aa5-95bc-8c047f64fa7a,5,2019-04-22T10:34:55Z,2019-04-30T06:45:00Z
dbbda892-fc3e-407a-9baa-9adc19411be7,1,2019-04-23T11:24:18Z,2019-04-30T11:46:08Z
be443d49-d4a0-438d-bb7d-8f5cb7175fb4,5,2019-04-10T11:50:31Z,2019-04-30T12:10:56Z
150f4719-b888-473b-a316-eb73279c514d,8,2019-04-16T22:08:20Z,2019-04-30T02:35:26Z
814ceef6-abd0-46cb-867d-d21332986016,8,2019-04-05T17:50:57Z,2019-04-30T23:17:16Z
2c4dbe0e-0bd4-405f-8403-9cb33ccf3dbe,1,2019-04-08T16:46:29Z,2019-04-30T05:52:46Z
4c0fc5c7-8192-40cd-baac-40cb82c28f02,4,2019-04-02T19:00:36Z,2019-04-30T08:26:35Z
dcb04e2f-b805-48cc-95f0-cce29dda816c,7,2019-04-01T08:08:30Z,2019-04-30T06:46:36Z
b5dafcd2-c435-4fca-a726-46040f1e0424,8,2019-04-26T16:26:45Z,2019-04-30T15:06:57Z
018172dd-464c-4ca8-ac8d-04453a443169,4,2019-04-23T18:16:02Z,2019-04-30T23:59:44Z
aa089a38-36b1-42e4-ad3a-cf9e675152bf,6,2019-04-10T23:35:05Z,2019-04-30T20:58:42Z
6e9bfebe-8b09-464c-b8da-4e3686a0202b,7,2019-04-16T23:59:58Z,2019-04-30T22:39:52Z
2f1f919f-e1d0-45a9-83ad-afea7c874501,1,2019-04-25T01:28:32Z,2019-04-30T14:01:24Z
3c20f8f2-2ab6-44bd-8b4f-5122bcde758a,7,2019-04-25T09:00:23Z,2019-04-30T11:19:36Z
47908164-b1f2-4f8d-977d-6d02672d8dba,1,2019-04-03T11:21:31Z,2019-04-30T17:45:21Z
5d05fdb7-8582-4f8e-a50d-d4d81f4e0797,6,2019-04-05T17:24:33Z,2019-04-30T04:04:24Z
08d72bd4-c1db-4b45-89fd-85b2177f2344,5,2019-04-22T01:03:15Z,2019-04-30T12:48:56Z
80f3faff-8232-42c5-99ec-81884471a11b,10,2019-04-10T00:41:33Z,2019-04-30T20:56:39Z
e287909a-f39e-4068-9a64-7cf18886adec,8,2019-04-14T17:49:25Z,2019-04-30T16:31:16Z
32e1d9a1-d9be-4c75-a4d5-34041a18536a,4,2019-04-14T18:33:08Z,2019-04-30T23:15:52Z
74890f09-4c3c-4525-8879-5efba2471821,10,2019-04-28T00:37:42Z,2019-04-30T09:40:45Z
5c1cb55a-d915-48c0-80c6-b50dec3d21fc,1,2019-04-20T23:36:19Z,2019-04-30T07:57:46Z
ae616296-83e5-4780-aa4f-879862e014ce,2,2019-04-07T00:06:48Z,2019-04-30T16:18:16Z
99c3b15e-ebd7-4a7e-8e33-81337db9c267,8,2019-04-08T16:40:53Z,2019-04-30T04:08:15Z
f0b8054c-face-41d1-bc67-d460bb077943,10,2019-04-23T21:50:43Z,2019-04-30T19:06:25Z
a5d70696-4c2a-4757-9be5-6e6f444c273e,7,2019-04-01T21:37:33Z,2019-04-30T16:11:29Z
9b1574e2-01fa-42bc-935e-d6f6a1f2c983,9,2019-04-18T08:08:32Z,2019-04-30T12:18:35Z
38018454-1936-4d1a-a497-f9889ce31cad,4,2019-04-03T18:53:38Z,2019-04-30T17:00:18Z
5683c968-c92a-45e7-8df2-99ecd5680561,1,2019-04-25T18:59:16Z,2019-04-30T05:23:10Z
2ac0dec0-0874-4e1f-a30b-a2791629401b,2,2019-04-02T01:03:58Z,2019-04-30T18:35:56Z
68f00f0e-2a5b-4486-a407-c93101475c66,8,2019-04-16T03:30:22Z,2019-04-30T23:16:45Z
ac1d0cfe-985a-46a2-9aaf-1bb324c024b4,4,2019-04-07T09:46:02Z,2019-04-30T14:44:51Z
f23061bb-babb-4f0c-8adb-c415a5dc7a13,3,2019-04-28T03:49:35Z,2019-04-30T20:13:30Z
02e20923-023e-4a2f-8a5b-c1a34153dec5,4,2019-04-19T06:04:34Z,2019-04-30T18:18:26Z
e3949952-d201-4f2c-a124-7275f3ecb80b,2,2019-04-01T11:03:36Z,2019-04-30T20:21:27Z
af3cc420-4218-4243-94c9-624593320dcb,4,2019-04-03T04:13:36Z,2019-04-30T17:48:41Z
e22038c8-b32e-4c08-b99f-fcd61571fdee,3,2019-04-09T06:52:15Z,2019-04-30T22:26:23Z
989ce218-718a-493f-91ed-2c1cc7b18afa,3,2019-04-20T03:56:27Z,2019-04-30T11:31:08Z
bcb3b0eb-00dd-4b68-bc64-e7be8f6a0ceb,5,2019-04-21T03:36:17Z,2019-04-30T21:49:44Z
c2e94aa2-a1c4-46d5-b152-f5c330318b8f,10,2019-04-14T00:17:03Z,2019-04-30T23:22:18Z
7123e7d9-fc39-4fb9-9065-48fe6ca65d00,1,2019-04-25T03:04:33Z,2019-04-30T00:53:23Z
b5d349b1-65f4-4cef-9ac5-685a7c2cfe2b,10,2019-04-21T09:49:50Z,2019-04-30T17:26:01Z
dc2d92b4-74b3-45a3-98b8-e7cba7025048,1,2019-04-23T10:16:14Z,2019-04-30T20:25:44Z
00732c5b-0374-47ab-a469-3f28002a7352,7,2019-04-13T19:13:29Z,2019-04-30T12:30:39Z
9cd44af6-9f75-4533-8fbe-179931914a5b,3,2019-04-21T13:10:02Z,2019-04-30T22:24:48Z
26822cf3-667c-4e6b-9781-2deada72dc15,10,2019-04-12T00:34:56Z,2019-04-30T21:15:20Z
3083122d-a67c-4d67-92e1-cb41300bc518,7,2019-04-01T12:12:36Z,2019-04-30T08:22:11Z
c3e27c07-d11d-4e28-be8d-6b836c4c9b2f,1,2019-04-17T13:59:27Z,2019-04-30T20:14:57Z
81241865-03e4-4987-af4c-40fec9e985a3,1,2019-04-26T13:59:48Z,2019-04-30T16:53:42Z
2ee0545e-ec36-4f8c-931d-acff3672e088,6,2019-04-12T14:31:22Z,2019-04-30T10:24:10Z
86bc4f7a-4a94-49e3-bc08-2972a2ba813a,5,2019-04-13T11:45:58Z,2019-04-30T10:05:09Z
98046c9f-7ea9-4e33-9ce5-0cbe2508a5a5,3,2019-04-25T22:02:29Z,2019-04-30T00:27:55Z
9e3392b1-790a-4de1-a477-acab7e748ed1,8,2019-04-12T13:36:17Z,2019-04-30T11:46:10Z
e50ba5b8-9796-4c1c-af42-9e42c6015bd9,4,2019-04-25T05:47:41Z,2019-04-30T14:55:35Z
1c06fd62-68cf-4ed7-8e4f-859e45a3a5e6,2,2019-04-08T12:13:58Z,2019-04-30T07:09:04Z
1b85dbb5-a0f5-4c7d-bcc5-f66d3223f41c,3,2019-04-04T02:20:43Z,2019-04-30T01:51:14Z
8199d892-13f1-4136-833a-1c4b0d73b9a1,2,2019-04-28T09:07:15Z,2019-04-30T14:01:32Z
21e03187-50ec-4e37-80c1-af1ece187ff3,5,2019-04-17T05:45:52Z,2019-04-30T09:16:30Z
70581e62-38bd-4a6c-86d3-985e5b10071d,9,2019-04-08T12:16:52Z,2019-04-30T03:22:48Z
a27e6730-07ff-4bee-a53f-c0724f25035a,9,2019-04-19T15:46:55Z,2019-04-30T02:54:38Z
06f9aa34-7efc-46a9-a744-dfd30a715879,4,2019-04-08T17:04:53Z,2019-04-30T02:23:06Z
a43f8632-d1fe-47ce-868f-7b88182de431,7,2019-04-05T21:47:17Z,2019-04-30T16:13:18Z
198cb186-90fc-462e-aeb0-5dff8a4b6c53,9,2019-04-25T11:49:44Z,2019-04-30T22:08:33Z
25d3d791-9c55-489a-b8fe-ee3e7c1e5b8f,9,2019-04-26T16:49:00Z,2019-04-30T18:48:49Z
638ebff6-be68-4751-8dcc-a285a0c75e03,9,2019-04-04T17:03:06Z,2019-04-30T22:38:27Z
f0afaccf-f757-400e-82c6-249f1c024264,2,2019-04-23T00:12:47Z,2019-04-30T08:29:52Z
19392ad0-a181-49b8-be11-0505a652a5bd,10,2019-04-03T22:27:42Z,2019-04-30T19:50:39Z
d7ee6337-b946-470b-8273-af6f30e038e3,2,2019-04-12T15:46:00Z,2019-04-30T15:40:48Z
62fd2a7f-266b-4205-a9be-5bbff1579a15,10,2019-04-23T11:14:09Z,2019-04-30T00:21:45Z
a04aa7ae-85c1-4760-9fd6-1f58b9481c6e,1,2019-04-28T18:41:07Z,2019-04-30T20:54:58Z
18f32d79-9f28-4b83-b125-ed3ddd82eefc,9,2019-04-28T11:30:34Z,2019-04-30T03:47:05Z
89eabde0-0970-4f7a-bcbe-98a35cc691e8,5,2019-04-06T00:46:19Z,2019-04-30T06:44:34Z
c9094d2e-fbea-4144-9b76-e9ead22ead16,7,2019-04-26T20:22:54Z,2019-04-30T08:01:58Z
17ded5d5-a47a-4063-a0c2-1ead990054e4,2,2019-04-09T23:34:03Z,2019-04-30T17:26:33Z
434135c9-5bc3-4401-b94e-459a794d84a1,5,2019-04-08T00:17:41Z,2019-04-30T17:40:09Z
42eb1919-46eb-4f78-9ea4-f6127689d57f,7,2019-04-19T12:12:41Z,2019-04-30T15:51:18Z
9241e8d7-89d4-4513-b7b6-c2a7f9e571e2,10,2019-04-16T02:23:00Z,2019-04-30T05:24:36Z
93b590b5-6408-404b-a7c3-d0aa009bf483,8,2019-04-09T18:33:02Z,2019-04-30T16:28:33Z
fad80fc4-3c01-4f63-87bf-28da3576b44d,3,2019-04-19T17:36:00Z,2019-04-30T02:08:15Z
f24da9d7-10a1-4a4d-a285-412a66052c0d,5,2019-04-08T06:06:30Z,2019-04-30T01:14:13Z
ba9da06f-9a0e-4448-9dcc-167ea844c3c8,8,2019-04-14T09:53:04Z,2019-04-30T15:02:41Z
ab01776c-736b-4055-bcd8-84125cb2cf4b,6,2019-04-05T16:38:26Z,2019-04-30T06:55:56Z
a4eca6ad-2172-4438-a342-c28450980850,7,2019-04-27T13:34:41Z,2019-04-30T11:19:53Z
4726b133-52e5-4d5c-b058-eea9b3bc445b,2,2019-04-08T19:13:12Z,2019-04-30T17:14:49Z
5d296ea8-fa9f-4121-bcde-a85a0cc9a19f,9,2019-04-13T20:26:25Z,2019-04-30T15:42:28Z
e4719278-36b6-4eba-936c-b430000ed8cc,3,2019-04-05T21:29:10Z,2019-04-30T14:55:04Z
d0fbb593-c750-4ae4-ab7f-fe3066120a20,3,2019-04-19T18:12:53Z,2019-04-30T15:14:59Z
f1f142d4-13e9-4a67-83f8-a698f1976a87,4,2019-04-14T13:21:57Z,2019-04-30T22:59:16Z
0c1f7004-04c0-4c75-adec-039b0373b816,2,2019-04-25T04:00:53Z,2019-04-30T17:42:38Z
8b1d7150-f070-44c3-8b38-5b0784cbfed1,10,2019-04-25T12:54:02Z,2019-04-30T09:29:55Z
b8e891fb-7102-44ba-94f7-561769e0f350,3,2019-04-25T07:57:32Z,2019-04-30T16:37:26Z
4752406a-236d-47e8-a687-53276573a85c,3,2019-04-19T22:50:49Z,2019-04-30T05:12:25Z
1f9c689c-5cbc-46f4-a71c-20a35f83d569,3,2019-04-15T13:58:41Z,2019-04-30T04:08:21Z
46a5a480-1777-4120-b982-e62f8c9bb3a6,10,2019-04-11T07:30:02Z,2019-04-30T12:36:16Z
402e29eb-fa53-469f-abb0-24f1ebc93e89,2,2019-04-01T17:32:13Z,2019-04-30T19:41:33Z
e7968a38-38d6-4941-9289-31afe63e4607,6,2019-04-10T10:19:53Z,2019-04-30T10:09:17Z
1e100415-2462-4e98-ad13-3ab2b250269b,5,2019-04-25T16:41:43Z,2019-04-30T13:52:20Z
5fe9809c-7f12-4196-aa65-5a206a7eab35,5,2019-04-21T10:18:16Z,2019-04-30T00:28:21Z
f6f11a39-b7b8-4e20-8f18-a6ffcfcbc234,9,2019-04-07T04:34:46Z,2019-04-30T06:15:22Z
6921c99b-9932-478a-9630-6439cfac626d,6,2019-04-27T22:53:31Z,2019-04-30T04:44:28Z
210ebf27-8c8f-4732-94c0-e4c6990fcfcc,1,2019-04-05T22:46:16Z,2019-04-30T22:21:04Z
15672ae6-bac7-41d0-97e4-4aa3e90d227d,9,2019-04-09T02:39:39Z,2019-04-30T09:13:12Z
ec5b7bce-6827-43b0-b660-7da71f52f4cf,7,2019-04-29T03:58:00Z,2019-04-30T10:46:43Z
268beabf-cf0a-4aa8-b818-728f4d552a9c,7,2019-04-06T00:51:27Z,2019-04-30T15:22:33Z
6fa66ecd-1209-492e-b5ad-caf858fe13a4,9,2019-04-05T04:05:34Z,2019-04-30T03:21:43Z
be5c3f53-8a0d-4200-b816-cb37d5de831b,4,2019-04-02T17:57:25Z,2019-04-30T07:04:43Z
96e1daf9-4935-4f9a-9a7d-e49882dd7fd0,2,2019-04-17T17:45:40Z,2019-04-30T02:00:17Z
5651b77d-ebd8-4558-9057-61cffc788aa7,4,2019-04-27T16:11:25Z,2019-04-30T03:45:21Z
cd83e37d-43fb-4217-861c-a229df89648b,1,2019-04-22T20:54:50Z,2019-04-30T00:22:40Z
f95e6957-84f3-4b9b-99d0-a68ab3aff4c5,7,2019-04-22T04:55:54Z,2019-04-30T16:41:51Z
67bdb5f0-7166-4025-91f9-04f6bb44290a,6,2019-04-23T13:47:03Z,2019-04-30T07:30:39Z
5deef935-14b6-48cb-8fb0-58c397ac9345,2,2019-04-01T22:22:47Z,2019-04-30T22:10:43Z
4b3fc9df-0c90-4c8b-8b9c-225192c2c3cc,5,2019-04-02T13:12:12Z,2019-04-30T17:32:25Z
ba27ebd5-b0eb-4d92-947f-1ba415b2de42,4,2019-04-08T21:52:52Z,2019-04-30T20:57:33Z
00e2611d-9a72-48f6-a3ab-2ca4e5d90ba9,6,2019-04-11T01:12:34Z,2019-04-30T23:57:42Z
05fb644d-50f2-4cbb-a239-eee26d55c6c4,8,2019-04-06T13:37:56Z,2019-04-30T23:23:47Z
aa709a9e-6e75-404a-bf03-64c010734252,4,2019-04-09T08:43:28Z,2019-04-30T07:51:03Z
a71ea106-cf25-40cf-a883-ba1614a07f55,6,2019-04-03T01:50:45Z,2019-04-30T14:19:55Z
a0133ad8-187e-44ed-9dd1-ec2e664b3bd5,7,2019-04-03T23:32:46Z,2019-04-30T00:44:35Z
868a65f7-6583-4f8a-b056-5e3a70464c5c,6,2019-04-09T18:53:16Z,2019-04-30T09:49:19Z
0b94be4d-ec57-443c-8df2-f858417ba6f4,7,2019-04-16T01:12:04Z,2019-04-30T02:33:43Z
1cf89da8-ad1c-41d8-9f45-9912ab2d78e1,5,2019-04-02T12:39:46Z,2019-04-30T03:32:02Z
c2dc3bcc-f110-46b2-8248-2e762bd2b224,8,2019-04-14T07:50:09Z,2019-04-30T06:03:02Z
857af0aa-9cd7-44b9-b68f-1c35d7494224,1,2019-04-29T04:46:54Z,2019-04-30T01:03:52Z
9a2a587c-e581-4756-aec8-0ec823c755cd,3,2019-04-11T00:40:15Z,2019-04-30T08:50:33Z
050cf380-1d3c-4431-96f5-65a29f4a7152,3,2019-04-06T02:35:40Z,2019-04-30T23:08:00Z
7c6af5a8-04c9-42d6-b6f2-4db314ee5ccc,2,2019-04-26T00:21:14Z,2019-04-30T09:26:12Z
c4964b7a-e4ab-44b4-91e5-bf3870224f25,10,2019-04-16T15:04:59Z,2019-04-30T16:43:30Z
0d8da501-a7d8-4b5c-9ccd-c4a2fa21b0f6,4,2019-04-01T19:12:42Z,2019-04-30T09:08:25Z
7967c0ab-1caf-49d5-b948-3ab72ae17fa2,8,2019-04-13T00:32:22Z,2019-04-30T07:41:38Z
cf118da5-6588-4910-804f-f48fd73076e9,4,2019-04-10T17:12:49Z,2019-04-30T09:57:27Z
a5ad591d-c095-491b-8371-604e75de970d,6,2019-04-18T01:52:48Z,2019-04-30T19:40:06Z
d394c693-a345-4e0d-b4f5-da59537e1c46,9,2019-04-02T17:02:13Z,2019-04-30T14:16:17Z
7641a048-3484-4e79-83cd-f82fecf1f9d7,2,2019-04-10T10:51:56Z,2019-04-30T01:29:05Z
19b113da-684f-4066-afc2-178056a2a96f,10,2019-04-09T22:15:54Z,2019-04-30T16:32:20Z
25565b00-38f0-4894-aba8-889cbf263b20,10,2019-04-06T09:34:56Z,2019-04-30T02:38:08Z
19fbcd8b-d066-4d0b-a3b9-0de1e0e54828,8,2019-04-04T01:25:23Z,2019-04-30T04:27:26Z
d5d86703-589b-4398-8a8f-8054d201c521,2,2019-04-23T23:37:11Z,2019-04-30T00:55:08Z
06066aef-90ea-4a86-843c-c8153b88350b,4,2019-04-28T07:14:28Z,2019-04-30T18:25:37Z
80fdb443-45ec-44f1-92e6-dac22dfa304e,4,2019-04-03T09:07:13Z,2019-04-30T08:41:02Z
1e0cba97-c197-4b88-b0f0-e1ef791df92e,3,2019-04-04T06:43:18Z,2019-04-30T05:03:19Z
ee3608e7-ebbd-4828-a535-c8813bc83b66,5,2019-04-01T04:33:07Z,2019-04-30T10:58:55Z
936ec5c4-572c-4a76-b4ae-8e5e72a834ff,6,2019-04-07T03:43:47Z,2019-04-30T20:04:00Z
b89974bc-9eb9-4cad-8487-92f8a776e783,1,2019-04-13T07:39:35Z,2019-04-30T19:38:25Z
b92291f0-cee6-4d1e-a6fa-4ebbd4fc1fc3,8,2019-04-08T12:54:41Z,2019-04-30T12:43:16Z
5bb5ff02-3ecd-4daa-89e7-ee9309f1a3c1,8,2019-04-01T17:57:34Z,2019-04-30T14:57:26Z
fee9eaab-5055-49f0-a315-6f7590aa15d0,10,2019-04-14T09:50:08Z,2019-04-30T20:55:05Z
1c5541ca-d50f-457a-a2f6-f90e904162ee,8,2019-04-17T21:59:08Z,2019-04-30T19:07:28Z
518cca39-de1d-40a4-ac88-6d4111ae7a35,4,2019-04-23T17:00:06Z,2019-04-30T19:55:00Z
2af8dbfe-b087-45db-8a17-a4a7ecf09802,4,2019-04-19T16:13:18Z,2019-04-30T10:56:49Z
37cdabce-6025-4485-a382-645925c53b65,7,2019-04-02T01:17:33Z,2019-04-30T12:45:40Z
39f84151-78a9-4dc4-bed9-bf7db700422c,8,2019-04-21T21:34:24Z,2019-04-30T04:32:33Z
50d3f438-a152-4d50-b2ee-1607acf928f5,10,2019-04-07T15:40:28Z,2019-04-30T13:42:07Z
b6f027c7-e049-45b3-ba91-259d8cc855be,6,2019-04-03T07:55:31Z,2019-04-30T05:05:08Z
b9688e83-483f-4ee5-940c-8f918325daa6,4,2019-04-14T06:23:34Z,2019-04-30T15:54:59Z
b3f7cd4d-7303-4fbb-bb25-1ef890d65c85,3,2019-04-22T06:53:37Z,2019-04-30T12:43:41Z
48577be8-5c3d-4e5b-bc75-7234ad8f5ff2,10,2019-04-11T13:00:40Z,2019-04-30T23:25:38Z
da5b93f9-9763-4500-b945-420550bcf601,6,2019-04-29T06:58:34Z,2019-04-30T12:14:14Z
d1ed198c-b487-4b21-b54e-9962d27f5f86,2,2019-04-24T09:18:52Z,2019-04-30T09:39:00Z
375ed128-87a6-464e-9bd1-f6762af402e0,8,2019-04-22T09:09:04Z,2019-04-30T23:42:46Z
138de1fe-9c45-4410-9f5c-8594e39f24c7,4,2019-04-03T05:12:23Z,2019-04-30T13:42:07Z
3dd13809-4657-4473-9a19-da0d193dcbbb,9,2019-04-22T03:07:45Z,2019-04-30T06:03:08Z
92b15dcf-c89b-4e9c-be92-b660ca659c4c,5,2019-04-06T08:35:22Z,2019-04-30T08:00:08Z
20801ae6-5b68-40f4-91d0-622ede77af9f,9,2019-04-02T18:47:58Z,2019-04-30T00:29:58Z
fd04de76-e655-4466-a1c6-6a0e7a44c54f,7,2019-04-11T05:14:48Z,2019-04-30T18:05:23Z
9f1ac27e-fa5b-4461-a264-f5b7c8119ab6,6,2019-04-03T00:56:16Z,2019-04-30T21:18:12Z
a39f0c0b-a9a7-4e89-a7c4-c5bddaa31023,2,2019-04-22T22:06:24Z,2019-04-30T15:36:52Z
380b8f42-d628-4efb-bc5f-6ded47338e5b,2,2019-04-11T16:04:44Z,2019-04-30T19:14:23Z
11295c09-3a5e-4c92-b664-9473ac9a55ae,10,2019-04-08T12:56:03Z,2019-04-30T05:56:41Z
eb431c22-026d-4e22-8327-70e11ded2715,4,2019-04-17T06:12:05Z,2019-04-30T19:05:26Z
b9b92805-bbfb-412b-8ebd-407b260fd3df,8,2019-04-12T07:56:22Z,2019-04-30T09:21:25Z
f99ab61f-086a-46da-be6e-235b3e2d1fb6,3,2019-04-05T02:45:04Z,2019-04-30T17:33:54Z
35604d6f-fc73-4a0b-b72b-ffc6fb1064db,9,2019-04-25T00:02:46Z,2019-04-30T05:27:54Z
258695e0-12f6-4a7b-97aa-10075ec5ba9e,9,2019-04-26T21:43:45Z,2019-04-30T02:41:21Z
c8fd2ccf-831e-42e0-b16b-a41f5e6919a3,3,2019-04-24T23:27:21Z,2019-04-30T08:45:07Z
c71e7a83-e1ea-4f99-930b-07ae6b8f1a5f,1,2019-04-17T17:57:40Z,2019-04-30T00:09:04Z
11a0bc51-8be7-4067-a799-d119a280b8d9,1,2019-04-03T06:39:29Z,2019-04-30T00:17:14Z
09601745-97c3-4672-88a3-4b3646f99376,7,2019-04-08T04:16:19Z,2019-04-30T23:44:07Z
0a26d1d3-4778-4b7e-bebb-aae6ad278ced,9,2019-04-16T03:39:04Z,2019-04-30T02:32:58Z
bdaae98f-e75d-4969-a905-92370d8becc2,6,2019-04-23T23:00:48Z,2019-04-30T18:42:24Z
cf87331f-363d-4a9b-9317-9ec00d50da24,5,2019-04-17T17:34:18Z,2019-04-30T08:49:45Z
c4dcd0f1-5ba7-4b0b-bcf2-6be2656e56a7,7,2019-04-28T15:18:27Z,2019-04-30T15:09:19Z
ce1d9d98-f4d0-4cc4-b52e-37a2a6580fdc,9,2019-04-10T15:20:28Z,2019-04-30T13:25:50Z
1bed01f6-47a6-44a9-9cc7-393a9bb8c73e,2,2019-04-08T09:04:39Z,2019-04-30T22:07:52Z
9718a35c-c97a-47b6-aefe-5962cb3cfa99,9,2019-04-02T04:44:00Z,2019-04-30T03:02:45Z
8a8d7572-03c6-491d-a0e2-8e09cd6be8d0,6,2019-04-08T03:56:15Z,2019-04-30T03:39:29Z
d836b00e-6a17-4ac4-9871-55a972f4b3f6,2,2019-04-15T05:21:07Z,2019-04-30T10:17:55Z
75bd1a08-d85d-4b8d-92bb-2760c5108a0a,2,2019-04-06T19:44:10Z,2019-04-30T13:58:18Z
0fc2e47d-3e16-4524-b1fc-30586827fbff,2,2019-04-20T23:50:16Z,2019-04-30T20:26:41Z
9a3057db-f12d-4438-8db7-c93ff18fea28,1,2019-04-02T08:26:23Z,2019-04-30T06:25:04Z
514cb688-1f44-4632-9fd9-b2405c5999c8,6,2019-04-21T14:06:34Z,2019-04-30T22:06:04Z
3086e0b7-6dfd-4dd7-ba0a-9806c905cb0d,4,2019-04-18T03:25:03Z,2019-04-30T20:29:55Z
bb4b37a3-3d53-48ed-9639-487dad41a75d,6,2019-04-22T11:36:49Z,2019-04-30T10:48:42Z
54d14346-5727-4cff-a531-12b6d5c17bfd,7,2019-04-22T07:12:15Z,2019-04-30T00:51:10Z
bb743510-b5bd-4952-b2d8-e609bc81f305,1,2019-04-11T19:02:55Z,2019-04-30T13:59:27Z
41f5a14f-ec34-42b8-9670-aad466b0f363,6,2019-04-07T09:16:25Z,2019-04-30T15:43:02Z
c5d5ec51-7c7a-47f4-bdb4-9017543ad751,7,2019-04-16T22:50:53Z,2019-04-30T10:26:19Z
57c06ad4-3bbf-4ca0-a78d-d7f3c6a2e2c3,6,2019-04-26T00:29:34Z,2019-04-30T21:53:07Z
9e8db14f-84d3-46bc-bef3-866ff09f2dc4,6,2019-04-19T02:03:41Z,2019-04-30T18:32:34Z
d163ea02-0983-4314-9d84-d3ef08efa6aa,2,2019-04-23T23:16:11Z,2019-04-30T13:38:54Z
353d7cc0-1b4a-4da0-af34-4c03ca2569c6,3,2019-04-24T18:40:36Z,2019-04-30T20:14:26Z
ac61204d-0aba-47cf-be42-cb30bedd903c,7,2019-04-07T00:47:02Z,2019-04-30T07:49:26Z
5822a10e-d8af-4613-a1cd-180ad97a3146,2,2019-04-28T15:16:53Z,2019-04-30T21:32:19Z
c8f03f28-f1d8-4a7e-801b-6fc5e1a4a60f,8,2019-04-28T15:01:39Z,2019-04-30T10:58:58Z
c7880243-38fd-4801-b1ee-a20c774a3d45,9,2019-04-17T11:12:59Z,2019-04-30T13:47:55Z
91e7f47e-2189-4093-be37-68449e1fe61c,1,2019-04-18T15:33:40Z,2019-04-30T15:49:35Z
0a4de719-2999-497b-9f84-414ba5dd7ee0,1,2019-04-20T05:15:59Z,2019-04-30T21:21:04Z
24cbdfce-c2f4-469d-8ee4-40956ee44d2e,4,2019-04-09T09:20:19Z,2019-04-30T14:19:40Z
9bfdb01e-b330-45fa-b8c7-91c116a0929a,7,2019-04-27T13:26:51Z,2019-04-30T04:01:54Z
29896a0f-8970-4686-8134-10b5639037d2,1,2019-04-19T20:54:29Z,2019-04-30T13:05:14Z
e97c0774-8d98-435d-b5af-a2ccc60fc419,7,2019-04-14T09:57:33Z,2019-04-30T10:08:09Z
9c5602e8-b1c4-4268-a928-51bf9c15cae1,10,2019-04-27T08:21:27Z,2019-04-30T07:36:27Z
ca325aa7-75a8-41a5-ac13-fc0a5f40256a,7,2019-04-22T03:16:34Z,2019-04-30T11:11:59Z
5da8aaf5-91b6-46ae-8643-aea51164cc80,2,2019-04-11T13:45:24Z,2019-04-30T10:04:35Z
5d19e949-c044-43d7-8734-09ecb744f71b,3,2019-04-01T06:16:30Z,2019-04-30T01:34:22Z
f0c29847-95ed-42e1-80da-9b38e1ce3025,10,2019-04-04T00:58:37Z,2019-04-30T19:22:41Z
9d79c950-5303-4a5c-9161-a49ea5a8196a,5,2019-04-14T02:06:06Z,2019-04-30T11:58:57Z
52aef7bd-454b-4cbb-afd2-b577336f21f6,1,2019-04-09T01:59:26Z,2019-04-30T16:03:48Z
3d67f8c0-c9f1-46fa-a071-b8b1a6ae9dff,4,2019-04-20T12:54:39Z,2019-04-30T20:26:00Z
e130a882-c1e6-4251-88d7-a1061bd74c26,6,2019-04-27T15:51:39Z,2019-04-30T01:28:46Z
20a7c62a-bafc-416c-9e90-4cacfc38f840,9,2019-04-09T08:03:40Z,2019-04-30T20:07:28Z
76c0dde1-f277-4e31-967f-f370ef3db31f,8,2019-04-11T00:18:46Z,2019-04-30T14:34:07Z
f51e8596-d27e-46b5-8c39-fa2ce2746276,9,2019-04-07T06:57:42Z,2019-04-30T11:37:14Z
e124daa9-ed09-4e87-a4cd-51a19bcd8c62,5,2019-04-03T14:50:58Z,2019-04-30T02:49:07Z
d0544319-e6a4-41b9-a4d7-732f8f7fff87,10,2019-04-29T12:39:23Z,2019-04-30T19:59:50Z
d63a7b98-0dcc-4526-b961-4766165869b7,8,2019-04-08T17:41:23Z,2019-04-30T06:20:20Z
763258fa-d300-4c89-a592-28ea581d2993,9,2019-04-05T04:34:22Z,2019-04-30T20:51:35Z
a8e1cd1c-186c-4f45-a136-733fdaa1cdb1,3,2019-04-22T15:36:17Z,2019-04-30T18:56:48Z
370470e5-bc53-4f1e-bcd3-2199f25d651a,9,2019-04-06T17:55:53Z,2019-04-30T10:33:31Z
06d9c7ea-2991-4dbe-b990-93877735f4e3,7,2019-04-06T21:46:06Z,2019-04-30T01:08:53Z
0cabb09e-9725-48b5-b728-3f2fa520eff2,3,2019-04-01T10:00:53Z,2019-04-30T03:35:25Z
542c6eb5-5ef3-4303-8a55-45746ca7de72,3,2019-04-23T20:40:29Z,2019-04-30T01:51:34Z
8c2db48b-30e3-492c-8901-becd61dfb10c,6,2019-04-15T10:20:44Z,2019-04-30T09:47:01Z
cdf93e05-7c71-4af6-8768-3fe051ae1e81,6,2019-04-04T20:48:09Z,2019-04-30T10:36:23Z
e0d95a10-ce76-4e38-a9dd-ca9365986e6f,9,2019-04-08T18:51:35Z,2019-04-30T08:22:07Z
92465984-1e85-48c5-90f1-2e4b6f67659a,7,2019-04-21T17:48:27Z,2019-04-30T05:26:02Z
d7dce806-aa5a-489e-bac2-5ffe02ab60ab,1,2019-04-08T21:47:27Z,2019-04-30T04:20:52Z
574f11c0-8ec8-406f-9d19-e194d5cfa060,3,2019-04-01T08:02:30Z,2019-04-30T17:50:15Z
b2453aff-492b-4af1-8512-652fe0c36ee4,5,2019-04-19T10:59:26Z,2019-04-30T08:17:26Z
f8d13474-c888-4665-8676-af9ba1b84c45,8,2019-04-24T16:06:13Z,2019-04-30T09:03:21Z
f38c088d-23c1-497c-b8c3-39942e87d8f3,4,2019-04-06T01:47:49Z,2019-04-30T13:11:01Z
8c3b21fc-7a45-4d17-92b9-32804cb87430,5,2019-04-09T14:37:13Z,2019-04-30T14:24:02Z
c1c074e7-5052-4f6c-96be-5960e2cba32e,6,2019-04-17T15:04:43Z,2019-04-30T04:38:43Z
162f7e3e-5e19-4b21-b5af-5340f7263d9f,8,2019-04-07T09:58:12Z,2019-04-30T23:33:02Z
3f378089-dd20-490a-9b35-bb98101aa9dd,7,2019-04-10T06:50:02Z,2019-04-30T01:46:46Z
7954fb86-6040-467e-bcf2-8fd6761567e1,4,2019-04-26T09:57:54Z,2019-04-30T06:46:39Z
184b66a9-507d-4522-9998-39ea82823cdf,4,2019-04-16T14:14:24Z,2019-04-30T00:43:06Z
e2331ef7-b484-4246-97a8-8bce9681f135,8,2019-04-27T05:05:25Z,2019-04-30T09:37:28Z
dd39b5d9-5f3a-438e-9888-5bf364f85e27,3,2019-04-27T15:13:26Z,2019-04-30T15:19:44Z
caad50f4-9fca-431a-9ee2-a99c6de23949,4,2019-04-21T04:45:56Z,2019-04-30T19:35:58Z
2f8781eb-66f9-4c62-a17a-0b482d12ab98,2,2019-04-10T14:30:26Z,2019-04-30T20:35:20Z
4515a7a4-f50b-4057-8d21-24100eeb5c7b,6,2019-04-23T05:08:47Z,2019-04-30T21:04:48Z
1f663718-2324-40b2-a38a-a0291da0a9fb,8,2019-04-12T22:07:16Z,2019-04-30T08:20:15Z
86e8c12c-f084-4afc-8abb-f18be91611e6,1,2019-04-17T03:06:02Z,2019-04-30T13:11:25Z
0f63412e-fd0c-497b-921e-769215ee8d74,4,2019-04-28T20:44:46Z,2019-04-30T23:22:46Z
48ba3374-5fc7-46a4-b3cc-c933e7f297d6,5,2019-04-06T04:18:06Z,2019-04-30T14:26:57Z
d8798b8d-cb2b-4797-9a2f-321e095277cf,3,2019-04-02T16:20:26Z,2019-04-30T18:19:36Z
5911dc7f-5649-47ea-a85b-33c4d86b386c,1,2019-04-04T11:42:35Z,2019-04-30T16:00:24Z
f95df32e-9ec4-4404-9cc9-460f627719bf,6,2019-04-28T06:55:48Z,2019-04-30T20:00:07Z
1e9708bf-13c7-491c-a75a-4ef0fe9f5791,3,2019-04-05T09:52:07Z,2019-04-30T03:29:20Z
5ce1a834-6f8d-4bfd-a174-c182e1c17b84,2,2019-04-02T21:17:16Z,2019-04-30T07:02:19Z
2b080d07-8b37-439a-9230-27b6490086b6,3,2019-04-26T12:16:50Z,2019-04-30T03:25:57Z
29d77501-1ed7-4b36-9391-ef82a053abbb,2,2019-04-18T07:00:15Z,2019-04-30T01:38:31Z
d1fe4e4c-09a0-40d3-820b-98e7065dcb99,9,2019-04-18T23:31:14Z,2019-04-30T16:12:01Z
311c5f93-96cb-4c1f-91a5-4c0d045c3ae7,9,2019-04-01T16:10:07Z,2019-04-30T20:49:09Z
646aedec-8d19-4071-90d4-e0457cbbcc5b,2,2019-04-12T22:46:10Z,2019-04-30T14:28:40Z
41007ebc-0dd8-4d63-9564-6543e99d4a23,10,2019-04-10T14:39:47Z,2019-04-30T21:37:14Z
8984aae7-ce78-4517-9a6e-4c122ef84aec,3,2019-04-03T20:47:23Z,2019-04-30T18:27:25Z
5b42db65-e00e-4d26-bf23-d0dea63fdb3d,4,2019-04-04T02:23:33Z,2019-04-30T16:57:32Z
da5c3b95-6478-435b-8e07-3592d8168b81,6,2019-04-13T21:23:17Z,2019-04-30T23:50:01Z
cfface40-a379-48f7-b5a3-7c4a3ecf1e27,7,2019-04-27T15:58:37Z,2019-04-30T17:50:10Z
706122cc-08a8-4682-ad8d-9d5ded1ba03f,8,2019-04-04T14:55:33Z,2019-04-30T09:44:09Z
30b275a9-3d6d-4ccf-bd0b-625b721b7f1f,1,2019-04-05T03:21:46Z,2019-04-30T05:58:19Z
a2843e7f-70c7-4e30-be10-e4b9aef62086,7,2019-04-17T04:47:17Z,2019-04-30T08:33:56Z
d2455f5a-58cb-49ea-8747-7d0ccf26310e,6,2019-04-07T19:17:39Z,2019-04-30T13:23:57Z
eb03137e-4131-49d0-b003-d5d21399d2b7,8,2019-04-23T10:21:03Z,2019-04-30T05:45:13Z
c82b1604-2fce-4382-9d7a-22b0059f1409,1,2019-04-10T05:25:20Z,2019-04-30T07:34:17Z
3f104fd9-ba74-4bcc-9d45-5356690b6f94,5,2019-04-28T04:09:57Z,2019-04-30T18:56:45Z
cf4266eb-984c-435d-867e-a599e7bc890f,5,2019-04-01T05:58:22Z,2019-04-30T06:40:48Z
db37a5c7-3e75-423c-bc8b-e8186e3d740f,6,2019-04-15T09:01:31Z,2019-04-30T17:35:58Z
a16951fd-6b7f-4601-b265-7126aca9119e,3,2019-04-16T17:22:13Z,2019-04-30T18:21:39Z
d15845ea-e99b-4c89-a05c-71df514542d2,7,2019-04-06T22:25:50Z,2019-04-30T09:18:14Z
eba706b9-2d77-4dd8-a0ec-4c005df10e36,9,2019-04-07T12:08:29Z,2019-04-30T16:08:38Z
07e8bde6-9935-41bc-90cd-ab53bee3223d,3,2019-04-15T01:56:20Z,2019-04-30T08:20:54Z
ac22b74d-05b0-46f1-abc8-1bb0924784c5,1,2019-04-01T20:50:28Z,2019-04-30T04:28:09Z
41af8067-5f05-4224-97dd-88c86ee9ffc4,5,2019-04-29T12:11:10Z,2019-04-30T17:11:23Z
388d0767-9d17-404d-a7d9-ea38afd74a2e,9,2019-04-26T08:49:50Z,2019-04-30T23:17:16Z
a039cab3-d123-4f11-97ce-d1af911099e4,10,2019-04-12T07:34:29Z,2019-04-30T06:20:13Z
76c37e79-73f8-4be2-b1e1-9c6c8362299f,6,2019-04-29T06:43:42Z,2019-04-30T06:06:00Z
89b19f3b-c529-4340-822d-36b371c4844c,8,2019-04-21T11:45:58Z,2019-04-30T19:47:37Z
27fad550-7798-4398-8f06-8f65d7ab46c0,10,2019-04-19T23:18:30Z,2019-04-30T08:26:27Z
b8ac777d-72fe-4083-b5f5-47def94031f6,9,2019-04-09T16:30:22Z,2019-04-30T14:10:26Z
9e1515fb-776a-4d3b-ab82-b85d2170dd21,2,2019-04-13T20:58:53Z,2019-04-30T11:25:59Z
840c79c8-0b5d-4444-ba8d-193c68d55de4,5,2019-04-10T08:13:19Z,2019-04-30T13:18:40Z
a8f087a0-9e65-4051-abd8-8409520f9050,2,2019-04-28T08:16:02Z,2019-04-30T18:36:31Z
db204191-6af8-4ff9-bb64-2349194b0607,4,2019-04-23T23:53:08Z,2019-04-30T19:09:30Z
9fca6364-71f0-4818-97ce-a2363c6a2693,8,2019-04-07T21:16:49Z,2019-04-30T12:24:10Z
ae231860-931f-4b7f-8ff6-fe7516a2effd,6,2019-04-17T18:21:07Z,2019-04-30T07:18:01Z
17683b29-bbc9-4fd9-ad6b-4b6a47bd0fa5,7,2019-04-29T20:47:41Z,2019-04-30T15:25:12Z
e6979e81-ffb9-4971-b651-ee3dc4a44fd0,6,2019-04-24T03:26:09Z,2019-04-30T14:12:15Z
36ec48de-5aee-434b-ad5b-14e9521a71cb,7,2019-04-06T00:09:35Z,2019-04-30T03:12:22Z
6a291afb-ef54-45ea-bc12-c872fe413755,5,2019-04-04T05:21:56Z,2019-04-30T23:40:06Z
b4962e15-157e-4539-aed5-d729bc0f1b69,2,2019-04-12T03:09:27Z,2019-04-30T15:08:49Z
38012b93-fdf4-49c1-bcd8-9b67a3463368,1,2019-04-23T11:04:23Z,2019-04-30T18:27:53Z
ccf6fd88-c32a-41b0-bfba-92a475e13855,6,2019-04-14T12:24:57Z,2019-04-30T01:50:14Z
eca29ee7-e8ed-4ed0-8f2a-a0972dfd401a,5,2019-04-16T21:13:40Z,2019-04-30T01:44:19Z
71a65d0a-9b14-4d1f-97c3-f9756c302414,4,2019-04-07T01:12:48Z,2019-04-30T02:15:32Z
125fb21c-2190-4565-9185-6a92b0ee9484,8,2019-04-05T04:46:55Z,2019-04-30T07:51:39Z
b133cc67-0c6c-4511-b3df-a06c1fc1f2b0,7,2019-04-08T23:28:14Z,2019-04-30T14:44:33Z
a18bc5e3-400b-4a2b-8cd5-5e4c3cc2395d,2,2019-04-25T18:21:23Z,2019-04-30T14:27:11Z
cb3c7220-2663-4236-8847-08222a07ef5d,9,2019-04-02T01:30:45Z,2019-04-30T03:42:31Z
17e2da17-c366-465e-ab22-6f8f271394da,6,2019-04-29T09:25:52Z,2019-04-30T16:52:49Z
16d13b5a-ba4f-4c24-a8b7-fd38e3fefa72,9,2019-04-15T06:16:01Z,2019-04-30T02:39:27Z
6b2a58dc-cf73-4f49-9088-c0c566d0b188,10,2019-04-28T08:28:30Z,2019-04-30T12:06:24Z
c846761b-af49-49de-a42d-f526c982f7f7,9,2019-04-25T12:27:32Z,2019-04-30T05:13:11Z
4ac3689b-bed3-465a-b070-1f65a0d03d36,5,2019-04-23T04:47:09Z,2019-04-30T07:16:42Z
6a315e63-15c7-471c-b1b5-1352cd86c8e9,10,2019-04-25T05:51:43Z,2019-04-30T15:31:34Z
df7f1705-ce0b-4e04-b77d-3fc965384eb7,10,2019-04-11T15:15:44Z,2019-04-30T18:11:36Z
d9f57cfa-8d4c-41f0-84b8-a72e1bba5bbe,3,2019-04-07T17:16:22Z,2019-04-30T04:47:59Z
6815ff0d-35da-48ba-afc9-90c3e8e80893,10,2019-04-14T03:36:37Z,2019-04-30T12:26:08Z
db5105db-40e2-4045-b01e-c35134b383a3,1,2019-04-13T02:27:40Z,2019-04-30T23:44:56Z
747c14af-370e-4fc8-b264-a1b767abbe18,1,2019-04-01T04:31:21Z,2019-04-30T12:16:15Z
06799c54-b171-4262-b4d1-0efd71b629c6,5,2019-04-07T12:47:40Z,2019-04-30T06:51:39Z
e0413fd7-0640-4015-b804-8cd2a458f2d9,1,2019-04-15T14:37:29Z,2019-04-30T12:40:00Z
9a7adc18-1a6d-4816-8624-c4531ad786af,3,2019-04-04T15:31:06Z,2019-04-30T06:36:54Z
4e4b3b36-9c0e-478c-85d1-5851ca7f0eb3,10,2019-04-12T22:44:51Z,2019-04-30T08:21:17Z
17207fc0-1bb9-4e42-abdf-caaebe51de2c,7,2019-04-19T09:00:16Z,2019-04-30T12:39:19Z
e2f09381-06e1-4ec6-a4c4-97de11965abf,10,2019-04-03T03:54:32Z,2019-04-30T17:06:12Z
87538a39-ae47-4ad4-8628-17712911e918,4,2019-04-18T22:19:49Z,2019-04-30T16:29:49Z
b40534a3-f046-4b49-ab21-54cd52cdebe0,9,2019-04-02T07:28:16Z,2019-04-30T23:06:14Z
b1731fc4-119b-4cf6-98b9-8f88b76c60c7,1,2019-04-21T17:47:16Z,2019-04-30T22:08:14Z
3c887c1b-8591-4e4a-979c-ec88fd1dba61,8,2019-04-25T19:28:49Z,2019-04-30T04:29:54Z
033e0bf2-f0ea-4050-bdb2-f000a76ab641,9,2019-04-24T19:23:25Z,2019-04-30T06:02:31Z
5bbe8167-600a-4bdb-b059-489f606b9b16,4,2019-04-01T15:40:28Z,2019-04-30T17:15:50Z
7a3bb1f6-269c-4a97-a1d3-8f77fc82139c,1,2019-04-10T06:27:18Z,2019-04-30T15:07:53Z
14ee8d1c-a055-41f5-8d48-6bc7642e3a23,9,2019-04-08T16:37:11Z,2019-04-30T12:02:38Z
27a87d68-0222-42ed-be87-3ab490ee5c65,9,2019-04-14T04:54:09Z,2019-04-30T05:23:49Z
1424f308-07fc-4184-815f-4db4e8846711,6,2019-04-28T01:09:47Z,2019-04-30T06:33:38Z
19a66398-147c-496c-8315-07971cec6ddf,3,2019-04-29T05:20:27Z,2019-04-30T13:04:30Z
d255210c-f76b-46c5-8806-f66ec3087dcc,10,2019-04-15T12:13:47Z,2019-04-30T01:32:59Z
e7989d98-8584-4218-8b0c-6bb824e16d95,8,2019-04-20T07:00:01Z,2019-04-30T15:25:02Z
90c2a5e8-60bd-477f-830a-a78b87f0babd,6,2019-04-09T20:41:52Z,2019-04-30T10:25:03Z
135ce90b-b60a-4c95-b6e2-d859cdfc0db4,8,2019-04-07T14:17:31Z,2019-04-30T11:09:13Z
8c332ea1-ea03-4c14-ae0f-a514b5f0b60c,5,2019-04-26T07:20:25Z,2019-04-30T05:26:01Z
eb879260-3e54-4d03-945d-bef7ff4df66e,2,2019-04-25T04:04:55Z,2019-04-30T01:31:55Z
25e4878d-d52c-4145-9151-fec4ff4f1610,2,2019-04-09T11:49:05Z,2019-04-30T18:34:37Z
35b300df-4a91-4c3d-93d9-bc0fcffdadb8,10,2019-04-18T00:19:29Z,2019-04-30T22:38:56Z
fc21bdc5-67fb-4b32-8b26-bde5c9ee021e,6,2019-04-12T18:15:25Z,2019-04-30T06:33:26Z
d2645392-18e7-41c4-88a2-7faf0585fafd,3,2019-04-02T19:19:11Z,2019-04-30T07:16:57Z
3a963719-3fbd-4369-b5bf-714a64e3cb81,2,2019-04-17T11:21:01Z,2019-04-30T21:24:50Z
4246860e-38ad-4b3d-9311-3b0e06d7f9f7,3,2019-04-24T18:34:23Z,2019-04-30T05:25:01Z
d4866067-01f9-4953-bf12-bdf278bfa4cd,7,2019-04-10T22:58:07Z,2019-04-30T06:14:12Z
8ef7888a-c092-4b1e-be27-c195d1f27e64,9,2019-04-14T16:28:02Z,2019-04-30T06:44:41Z
c9081c93-d301-47b8-845c-c2b8f310979b,8,2019-04-05T19:25:32Z,2019-04-30T23:07:16Z
46c2b988-ac8c-4669-ac63-1d636098ae59,1,2019-04-05T00:24:28Z,2019-04-30T01:42:07Z
6378a68a-1424-4001-8c3d-d3c674c2256d,8,2019-04-23T23:30:24Z,2019-04-30T19:50:59Z
e9bda1c5-71ff-4afa-8def-a8637c910525,7,2019-04-27T11:08:50Z,2019-04-30T21:47:01Z
50d8adf2-8b69-4530-9f77-fa427c861ca3,1,2019-04-15T00:38:34Z,2019-04-30T07:35:33Z
f07a611a-59d5-44c6-9133-6c816a29855b,4,2019-04-22T10:44:13Z,2019-04-30T18:58:53Z
27a932dc-b7a5-4f1d-9a40-d2fe0bff8e5c,10,2019-04-08T21:55:40Z,2019-04-30T08:45:01Z
35cb15c4-82d3-4913-a2c5-b206e0c586b9,5,2019-04-01T02:24:09Z,2019-04-30T15:36:11Z
e12cdc7d-a35f-4f3a-be35-820442d8482b,9,2019-04-02T07:31:52Z,2019-04-30T19:10:00Z
839346ab-ad92-4ab3-85ea-94a6002c4dac,4,2019-04-23T21:08:11Z,2019-04-30T12:45:12Z
1ccc3f7c-d908-41f0-ad29-9adc8f0e6f78,2,2019-04-19T17:52:14Z,2019-04-30T12:52:48Z
48314d94-804a-48c2-be91-a34fa112f338,10,2019-04-06T21:59:17Z,2019-04-30T14:07:45Z
25848ed2-d9b3-4e52-8cce-74c0ab962e6f,5,2019-04-25T13:17:13Z,2019-04-30T22:02:00Z
f36bf43a-65ba-46e4-9d64-b352fe1a282b,9,2019-04-28T05:50:29Z,2019-04-30T07:03:12Z
a45d4041-2c02-4efb-a937-a4264dfd89a0,10,2019-04-19T06:42:50Z,2019-04-30T01:17:48Z
9ce05fa6-e4fc-44a3-8a00-1cb2da1ce51a,4,2019-04-08T19:15:37Z,2019-04-30T23:23:19Z
e6030a5c-3d71-4c46-8842-05fc717350f9,9,2019-04-20T03:56:39Z,2019-04-30T12:53:54Z
c7828eac-8aa9-4c7c-a940-bc3cea4473af,7,2019-04-19T03:43:53Z,2019-04-30T21:42:04Z
6f104d5b-da76-451d-bf98-3fbba36a9cac,4,2019-04-01T23:27:36Z,2019-04-30T18:31:40Z
f966c31e-78af-4b0e-8302-455782021866,4,2019-04-12T11:41:17Z,2019-04-30T19:50:13Z
96413c97-bd32-4ebf-b03e-31472ea0f7b9,4,2019-04-20T21:03:37Z,2019-04-30T18:55:12Z
023653d7-781d-4d4f-a9f8-d40104733eda,8,2019-04-29T02:10:41Z,2019-04-30T01:28:57Z
c64a2c09-0216-4412-a4db-02beda302058,8,2019-04-16T23:32:11Z,2019-04-30T10:31:31Z
7f3d04fd-3a18-441d-bd45-04f2ad7452f3,9,2019-04-21T23:30:49Z,2019-04-30T23:16:20Z
b1919eb1-6f5a-4a31-927a-4a0552cd7d52,10,2019-04-24T03:47:59Z,2019-04-30T02:00:37Z
f56045b9-980c-4355-be03-a884716494a4,6,2019-04-27T14:10:23Z,2019-04-30T04:32:04Z
52b296c3-6ff5-479b-9390-9a6961e0e9dc,8,2019-04-14T20:39:12Z,2019-04-30T23:20:08Z
134387fa-4c3c-4c9f-b85b-f884fc7bee22,8,2019-04-02T13:51:40Z,2019-04-30T01:21:28Z
449bcad0-63d2-4195-841d-346e9298bd6a,4,2019-04-05T06:05:57Z,2019-04-30T05:41:30Z
596a32a8-1c6f-4757-8c00-09fb22094411,6,2019-04-29T17:51:05Z,2019-04-30T15:05:29Z
e5ff53b4-2309-4761-aea1-920413cafd38,10,2019-04-06T02:26:02Z,2019-04-30T15:35:57Z
9ca9091c-5800-425e-a51b-d89c646c87ce,8,2019-04-13T07:03:38Z,2019-04-30T16:49:14Z
10a1df28-0e07-4194-a331-9f8f0e1ee5ac,7,2019-04-09T12:42:10Z,2019-04-30T06:47:40Z
82409b4a-18ba-421f-a9e1-e0b21bf792ac,10,2019-04-10T11:39:45Z,2019-04-30T00:34:55Z
25f17219-93ce-44dc-b408-802aa8200509,2,2019-04-29T19:18:44Z,2019-04-30T02:53:06Z
cb183537-5ba1-43b9-b5ce-e25dd987e05b,3,2019-04-15T14:29:04Z,2019-04-30T06:10:09Z
59a140ea-2755-4b13-a2aa-39ca7e460465,4,2019-04-09T10:27:48Z,2019-04-30T23:03:21Z
65a861eb-63dd-488c-8745-2b845d9c3696,7,2019-04-26T09:59:51Z,2019-04-30T09:44:59Z
3a80ccfa-5585-4f0b-831a-08c5643dda99,3,2019-04-08T23:54:57Z,2019-04-30T22:48:43Z
b442254c-5fd8-446c-8817-7b9e2e3d3503,1,2019-04-13T01:13:07Z,2019-04-30T21:46:43Z
940f7588-0711-40d3-bbf8-95863b719ba2,6,2019-04-17T12:47:49Z,2019-04-30T07:38:39Z
c7e71ec1-49cb-4edd-8bb2-e8f985262d6e,1,2019-04-29T00:17:03Z,2019-04-30T23:44:11Z
86aabd75-9a56-423f-b53b-477cf9df9111,10,2019-04-01T16:42:35Z,2019-04-30T02:30:22Z
2877edaa-b753-480c-a8c4-07269d5256ce,4,2019-04-04T23:42:47Z,2019-04-30T05:43:38Z
e6e3196c-59af-4b8d-9978-be89bb1b39ca,5,2019-04-14T21:18:12Z,2019-04-30T16:51:22Z
9e9e4bca-0d64-4424-95e6-aeaa28528f35,4,2019-04-21T17:20:19Z,2019-04-30T17:08:38Z
ec3d90f9-7a70-4667-9475-fcdd064fe3cd,1,2019-04-22T12:25:19Z,2019-04-30T09:48:32Z
a902bd1e-2f8f-49a4-8da6-444b933b80e6,4,2019-04-21T12:27:13Z,2019-04-30T21:21:28Z
01097cc1-84e4-4723-b963-a23df2ccf029,10,2019-04-16T20:29:46Z,2019-04-30T23:56:22Z
c4907899-8b25-46d3-b63b-24d4b4af61ed,8,2019-04-14T13:05:53Z,2019-04-30T19:15:06Z
59f7de5e-a009-4e3d-ae99-faafeca0fcc1,9,2019-04-04T11:04:51Z,2019-04-30T15:55:53Z
5a35b19a-7df1-4ae7-a797-8c5b1e076e4f,6,2019-04-15T15:18:04Z,2019-04-30T23:24:00Z
d31a0a28-9b47-49ea-8269-94a201c5aeb0,6,2019-04-10T18:53:42Z,2019-04-30T21:59:19Z
a950bfcf-8688-4906-8572-a6266c8ed919,7,2019-04-02T13:51:36Z,2019-04-30T10:27:20Z
136c3bfd-4a4f-4713-a3a1-e3c52f1e440c,6,2019-04-12T11:42:56Z,2019-04-30T19:01:35Z
8d5053ab-6d21-4161-a688-0c63e3484c17,6,2019-04-01T02:03:11Z,2019-04-30T17:33:00Z
0ad567cd-8ff4-4d3a-9fb2-a52249c29e50,3,2019-04-22T04:44:27Z,2019-04-30T17:46:47Z
ed42ff2d-2ddc-498d-8c10-c6c1d8e3ceea,1,2019-04-15T11:15:52Z,2019-04-30T19:55:49Z
d5c253ad-dfb1-4f51-b1dd-6bf923994c4c,5,2019-04-23T09:03:32Z,2019-04-30T02:43:42Z
6b5f7d51-860e-4de2-9e2d-e1f5f4b91123,8,2019-04-18T11:33:45Z,2019-04-30T21:23:24Z
6a33874d-df43-49bd-bf3d-67ca7363cb84,2,2019-04-20T09:09:39Z,2019-04-30T11:13:42Z
5d08e42b-d4e3-4424-bbc0-232f81da770f,4,2019-04-20T20:19:01Z,2019-04-30T01:40:19Z
63e01bd4-f1eb-4c96-bca0-0d7259701010,1,2019-04-01T04:44:20Z,2019-04-30T16:08:02Z
84a2b980-7e5c-47d8-ad1b-68d2dc6d2c1d,7,2019-04-14T22:54:30Z,2019-04-30T10:32:15Z
b29cc5f6-8e1f-4d83-9c94-90a2b67bfb60,10,2019-04-06T16:40:51Z,2019-04-30T17:06:04Z
dc63d41a-bfff-4cd2-8023-87df4ca2775f,1,2019-04-07T23:52:03Z,2019-04-30T13:49:26Z
b2169c28-367e-4640-a6a5-828a9709b4dd,2,2019-04-13T02:00:59Z,2019-04-30T05:18:39Z
35ce35d0-7c47-47c6-9bd2-fe139adc4d12,3,2019-04-10T22:28:23Z,2019-04-30T20:23:34Z
fe6cbe2b-8925-40dc-bc24-0778fe0d7abd,5,2019-04-08T08:08:24Z,2019-04-30T17:02:48Z
41e7b561-ad0a-48b8-a614-2f8853e034af,3,2019-04-09T06:10:19Z,2019-04-30T09:49:11Z
d02136eb-b6a3-4bd8-84e6-42c444f0c3be,3,2019-04-17T11:33:47Z,2019-04-30T11:51:17Z
a7253656-40c1-4e43-b252-8276194cbf60,6,2019-04-22T13:41:21Z,2019-04-30T08:52:33Z
146322ec-8392-432c-a88d-ca48ac68260e,1,2019-04-11T17:31:28Z,2019-04-30T02:27:07Z
8f3beed3-860c-41e7-96d9-991884d1bd73,6,2019-04-21T11:49:49Z,2019-04-30T19:10:27Z
dc80917e-2c8a-4dd2-a86d-c1f0b94c42b0,7,2019-04-09T15:46:22Z,2019-04-30T01:25:56Z
69d58f5d-fc8f-4cbe-95ab-0a7ecacc319f,8,2019-04-17T14:14:31Z,2019-04-30T10:36:03Z
d9408c93-43cc-4584-8cff-31a29c411373,8,2019-04-13T16:31:56Z,2019-04-30T21:55:23Z
dea4f13d-5846-467e-babb-2749798a305c,8,2019-04-23T14:57:08Z,2019-04-30T07:11:29Z
73ac0c50-6d8e-42bd-b644-d4e13f5cbb57,7,2019-04-02T18:20:05Z,2019-04-30T02:20:22Z
97b66104-1ff5-46d8-b788-52a04cfeada5,9,2019-04-17T03:42:18Z,2019-04-30T11:44:36Z
ba0289e9-3c9b-4af1-8a27-65940f18f6d7,10,2019-04-16T01:32:47Z,2019-04-30T23:19:24Z
6f56fe63-7bf2-4ac6-9adb-daed9d32c0d8,5,2019-04-29T15:15:35Z,2019-04-30T10:12:14Z
522afc36-7541-4a12-96df-bf644f450115,4,2019-04-04T13:59:52Z,2019-04-30T06:29:27Z
fac2c4aa-3c6c-4582-b780-782932f213c7,1,2019-04-29T21:50:14Z,2019-04-30T01:43:52Z
cbf902db-6413-47d8-a2b7-739e4029f79d,3,2019-04-23T04:23:46Z,2019-04-30T14:29:04Z
eac0d93e-9855-4d25-b560-c2ce4d9ae4a9,9,2019-04-10T13:55:39Z,2019-04-30T07:51:19Z
7133a42c-9547-4a4c-928a-31d6d0f92b01,8,2019-04-01T14:16:18Z,2019-04-30T11:29:22Z
019e2d61-64c9-47a7-b421-df0d347fbf5c,5,2019-04-09T18:25:57Z,2019-04-30T04:44:53Z
8f591cf3-e9a9-4ab6-b22b-73c1f1ba8d85,4,2019-04-27T15:26:54Z,2019-04-30T13:33:50Z
3e600ba7-e080-48c9-b27a-de43fc02ace8,9,2019-04-01T04:25:59Z,2019-04-30T00:24:34Z
3ba9574b-0558-4019-a2a8-317a154569e0,8,2019-04-25T16:09:34Z,2019-04-30T19:50:15Z
c95f9839-f3e0-4185-ac49-7cb96103a530,4,2019-04-12T06:12:50Z,2019-04-30T04:12:08Z
368b737f-b41d-41fc-abc9-a06eaccc32f6,10,2019-04-29T12:51:44Z,2019-04-30T01:56:16Z
2791f9ee-c80b-423a-8a3e-8e764ada4d2b,7,2019-04-16T11:51:12Z,2019-04-30T00:38:33Z
a8e5bd8c-3867-4550-985a-0bdcca5b35f5,9,2019-04-01T21:35:13Z,2019-04-30T13:42:32Z
ffff76e5-f38f-456a-9eca-d9e053add56d,4,2019-04-23T11:00:10Z,2019-04-30T23:44:22Z
9c40e13e-2f42-40d3-9069-7eeeaf558777,6,2019-04-16T15:43:05Z,2019-04-30T15:38:08Z
93a3fb62-9317-4012-b57a-98330e1beb4f,3,2019-04-15T21:52:56Z,2019-04-30T14:27:27Z
f31172be-bee8-4d5e-ae6f-3ed30cf8eb2e,5,2019-04-01T23:41:15Z,2019-04-30T11:48:09Z
84bd919a-5164-4ae2-b289-2955e54234b4,10,2019-04-21T09:33:00Z,2019-04-30T12:20:54Z
ea702df9-622f-4355-b777-960c306850f6,8,2019-04-28T18:04:02Z,2019-04-30T19:49:17Z
1aa72987-bf92-42ff-b5f3-731e69bd1889,2,2019-04-02T18:44:53Z,2019-04-30T15:19:43Z
153a6507-cb42-4200-ac3b-0981155bf065,7,2019-04-03T04:00:46Z,2019-04-30T14:10:27Z
a2c91e76-d8c6-47aa-90a9-be7112e9ebcb,10,2019-04-02T06:09:01Z,2019-04-30T02:27:00Z
2397793d-78ea-4085-8d2c-f31abae01e99,1,2019-04-01T14:09:17Z,2019-04-30T19:43:42Z
9113977b-2020-4b4b-9725-ec375477e352,3,2019-04-05T13:00:41Z,2019-04-30T07:32:26Z
e66a4d5d-b883-4aec-aa14-9be1cbfaa40e,7,2019-04-26T05:35:18Z,2019-04-30T17:44:13Z
0421374c-f089-43e8-aff8-3d1ab390538d,6,2019-04-12T04:45:12Z,2019-04-30T10:18:39Z
647eeff4-5234-4a1d-8236-315ed3d4c021,4,2019-04-12T16:39:17Z,2019-04-30T14:55:34Z
71d5aef9-c451-48c1-ac56-ca2327189d3e,10,2019-04-13T15:47:00Z,2019-04-30T04:45:33Z
c3baf9b0-f62b-4ad3-b384-1505f25ae95b,6,2019-04-07T11:07:49Z,2019-04-30T01:52:30Z
91e9710d-1fc7-45ce-93dc-4cc954f3e4d4,8,2019-04-18T20:18:31Z,2019-04-30T13:10:59Z
d2626fc0-d879-4c4f-86d4-93da0c981a0b,5,2019-04-28T03:38:38Z,2019-04-30T20:53:08Z
12f669d8-b544-4b7f-91d0-3c3af944ffbe,1,2019-04-14T22:47:38Z,2019-04-30T15:24:26Z
fa0ca773-e70e-4900-8fe3-7ca8c632d10d,7,2019-04-26T06:01:04Z,2019-04-30T08:52:44Z
d813ac24-e081-4676-84ee-cacf654049bd,3,2019-04-10T11:49:39Z,2019-04-30T19:11:50Z
7dc42590-b5c5-4de2-89d4-c1fd7b9173b6,6,2019-04-23T08:29:27Z,2019-04-30T17:13:56Z
483b88c7-18b4-4083-86ce-b9f357a930cf,7,2019-04-15T02:43:02Z,2019-04-30T18:26:05Z
80fa6a94-de67-41a2-a901-012e992cabf7,7,2019-04-19T16:09:54Z,2019-04-30T03:15:44Z
89e5e386-68bd-438d-b827-b5bee751e757,9,2019-04-28T16:43:51Z,2019-04-30T05:39:59Z
5a5ed440-73d2-45e5-950c-e5f4e5472ee6,1,2019-04-02T12:42:45Z,2019-04-30T22:35:34Z
d5f5b576-11f5-4654-85dd-251ca4187510,10,2019-04-26T06:46:53Z,2019-04-30T04:35:07Z
bc1d9232-6288-4f0f-9c78-3677cd3ef1b4,7,2019-04-17T08:18:29Z,2019-04-30T01:14:12Z
08a110b0-6a94-49ef-bc42-1ada427b4854,8,2019-04-22T14:11:00Z,2019-04-30T18:21:08Z
7aeef9e1-41ca-487b-b6d3-2e60781a758d,10,2019-04-01T22:19:17Z,2019-04-30T08:43:22Z
38e1f359-eadd-4f26-bfaa-6e803b1344f6,4,2019-04-25T08:31:07Z,2019-04-30T16:30:28Z
387cefda-27b6-4a87-af3d-8f0d2e6cf337,10,2019-04-06T10:45:48Z,2019-04-30T08:14:55Z
aeb9898f-88a1-4c76-9268-98ae9857f4fd,4,2019-04-19T10:09:44Z,2019-04-30T08:05:36Z
4a3a2d0f-3b50-47b5-930c-fd3a2dc556c3,2,2019-04-01T19:24:44Z,2019-04-30T02:33:32Z
3c9fd65d-01a8-474d-8289-36d68d82f879,7,2019-04-19T03:25:17Z,2019-04-30T03:00:14Z
b74f77cc-c3f2-4e57-be3a-0eaf047e171a,8,2019-04-03T06:30:47Z,2019-04-30T05:21:25Z
0cb7b1a3-7caa-473d-9c00-50c793559a1b,3,2019-04-09T12:02:44Z,2019-04-30T10:16:43Z
4d164f79-3a1a-4e90-aa47-80181cece6f8,5,2019-04-15T19:18:46Z,2019-04-30T18:28:38Z
6783d2a4-6c48-4581-b6e0-a524d5a3dd1c,1,2019-04-01T18:44:13Z,2019-04-30T15:33:42Z
c4d1d85e-fb08-4771-85b9-398c01670a10,3,2019-04-14T09:16:13Z,2019-04-30T17:55:58Z
3eb5a8a3-3bcc-463d-bd85-0116e23931ad,6,2019-04-14T07:41:10Z,2019-04-30T22:00:36Z
c05a8ce3-bdf7-4ec5-b596-052a0505e9b2,3,2019-04-03T09:54:36Z,2019-04-30T03:30:33Z
89f0b4b8-f71b-4e5c-9832-d4a11288c350,3,2019-04-18T16:01:32Z,2019-04-30T17:04:29Z
c53eb849-1edf-4d0d-8632-652e15d97796,3,2019-04-26T23:20:44Z,2019-04-30T13:16:57Z
cab6ca40-474f-45f6-9d5a-c85a6bbb4d04,2,2019-04-13T00:04:01Z,2019-04-30T17:14:34Z
dccb7ca6-fdf2-4794-8f7b-5b3f36ace80e,6,2019-04-05T04:39:56Z,2019-04-30T18:25:16Z
6b05661f-109f-4136-942a-a504f87f4954,5,2019-04-02T03:05:22Z,2019-04-30T05:17:41Z
8543f86b-896d-49f4-af3e-af6fd38a6c20,7,2019-04-17T06:17:26Z,2019-04-30T12:21:27Z
dd49abcf-961a-4716-b34f-8c93cd1fd35b,6,2019-04-01T11:46:08Z,2019-04-30T02:02:12Z
2f2b4f68-fd52-489a-8c73-21cab135c22e,7,2019-04-04T04:05:30Z,2019-04-30T04:02:43Z
4b4c0ddf-eb10-4d14-b6e5-beb4b18d2c48,6,2019-04-08T13:11:25Z,2019-04-30T17:12:46Z
5543deb2-e5e7-47e3-9fca-5d5c9b8d4d5c,3,2019-04-28T23:21:14Z,2019-04-30T22:43:41Z
77ac74a7-de6b-49c5-9a00-e8b4359652a1,3,2019-04-09T04:13:01Z,2019-04-30T02:13:24Z
aaa2ee3c-4849-4b4a-a2f6-7c75e906f490,3,2019-04-26T00:43:22Z,2019-04-30T15:17:09Z
8b5269ba-5805-42ee-adfd-6ea3e11c3d77,8,2019-04-17T04:43:50Z,2019-04-30T13:12:34Z
d2429fe5-b0b9-402f-a86b-022526f427ae,6,2019-04-08T22:15:52Z,2019-04-30T21:26:44Z
c93933df-7a61-4336-85f1-da964ae43a8f,2,2019-04-10T06:09:16Z,2019-04-30T05:06:38Z
6e482ba8-e8cc-4a69-b771-8f9b1bee96a4,6,2019-04-12T09:21:22Z,2019-04-30T20:58:21Z
d7ffbe81-ac60-49f0-8d05-886a437f8060,9,2019-04-11T17:48:26Z,2019-04-30T21:37:42Z
59e4cb91-0828-4f7c-b520-8b91e33ddbc5,1,2019-04-03T21:55:17Z,2019-04-30T16:56:00Z
4ecc9db3-397d-48f0-a160-afb63955bd5f,5,2019-04-20T01:25:02Z,2019-04-30T03:17:18Z
fd062934-eae4-4669-85b6-6f93606ff2d7,4,2019-04-24T21:16:28Z,2019-04-30T16:03:25Z
4d7acf9f-b356-4169-977a-311343e98724,2,2019-04-20T09:09:54Z,2019-04-30T19:17:14Z
a6ccf119-3380-4334-99d6-5ce83c0b8904,6,2019-04-09T18:43:03Z,2019-04-30T03:08:45Z
2b47f1a7-36f7-48ab-9ea2-363b52583322,2,2019-04-15T06:25:56Z,2019-04-30T15:43:30Z
525faf41-a9c0-4143-a145-9adac09cbfb2,1,2019-04-01T07:45:26Z,2019-04-30T03:26:44Z
a62faf37-0877-495e-9fe5-49a6d370406f,6,2019-04-08T07:38:06Z,2019-04-30T17:28:36Z
a015baa8-2e4f-4ddb-97f6-a45796dd2577,7,2019-04-06T13:13:51Z,2019-04-30T15:42:40Z
80043375-9f9f-4f88-a619-b0d38bc6345a,3,2019-04-13T07:41:48Z,2019-04-30T15:26:46Z
40549da1-6285-4257-b5a0-91f0db9583a0,5,2019-04-26T07:25:36Z,2019-04-30T23:10:40Z
a3f0533e-c718-4fc8-b05e-1c9ded598ff4,3,2019-04-11T10:06:35Z,2019-04-30T07:05:58Z
b9d7617b-ed72-4987-9761-093aa9c9ae29,3,2019-04-20T21:18:20Z,2019-04-30T17:53:19Z
0cc64950-ef58-44bb-9b89-8684454c71d2,3,2019-04-26T23:48:44Z,2019-04-30T21:12:57Z
6ddec729-5d9d-4a8a-98d6-f2bf7abd4298,3,2019-04-27T12:44:57Z,2019-04-30T00:59:14Z
899c652d-11e8-4adf-acc6-27c300009330,4,2019-04-04T17:21:28Z,2019-04-30T16:09:01Z
741b1dea-a7d3-41ca-bd39-bfef8fbcc644,9,2019-04-23T03:44:23Z,2019-04-30T05:34:17Z
62f2e662-a553-43ec-b2ab-4f439930f3c0,8,2019-04-22T21:37:03Z,2019-04-30T06:49:13Z
fb35dfec-68bb-4482-a3e6-3dec3f898000,8,2019-04-03T17:37:31Z,2019-04-30T08:09:45Z
450c36fc-c17f-4af3-939e-836ed8e10cfb,4,2019-04-23T02:27:05Z,2019-04-30T11:15:50Z
58074d18-a881-4831-89e5-d6e2f6df2ea8,1,2019-04-20T23:47:23Z,2019-04-30T05:23:14Z
ba42f0c5-d487-4c6b-999e-d81209ffc483,1,2019-04-23T12:27:41Z,2019-04-30T00:50:06Z
2db5c6fc-59aa-499f-88de-949ad4e167b0,7,2019-04-19T10:46:36Z,2019-04-30T06:24:46Z
131fe7de-56a6-4c04-8160-81212b3d8b21,10,2019-04-17T02:28:14Z,2019-04-30T11:34:06Z
94a7821f-1c25-4d44-b947-11f03366f95d,9,2019-04-18T22:54:52Z,2019-04-30T17:02:36Z
9737ebfc-9ab6-405a-8ebc-816cac709991,6,2019-04-10T20:17:09Z,2019-04-30T03:13:51Z
0512bc81-f5a0-414f-b613-20c16dc64a77,8,2019-04-29T04:51:30Z,2019-04-30T21:19:40Z
c91196b9-6ffd-442a-a72f-bed2b49974c1,2,2019-04-14T23:01:26Z,2019-04-30T12:25:49Z
adb00fd7-43a3-4f49-aa32-18a8498ef03f,1,2019-04-11T04:56:24Z,2019-04-30T10:12:24Z
d184c332-cba0-451c-b2d2-fb214a5206bc,6,2019-04-02T12:27:32Z,2019-04-30T01:05:39Z
efba93a0-e014-4c46-91e2-35e5b9bfb0b7,10,2019-04-20T13:48:12Z,2019-04-30T07:19:48Z
1c0cf04e-49c5-4eb0-9957-fedacf093e8e,9,2019-04-07T20:57:36Z,2019-04-30T04:20:33Z
a8214026-09cd-41d5-841a-f3ad5f17cbcd,5,2019-04-29T12:20:00Z,2019-04-30T12:59:24Z
79f3361f-461d-4b45-a01a-de864785d595,9,2019-04-10T23:53:46Z,2019-04-30T11:18:14Z
a4859539-7d8d-406a-8126-144f2b27b818,8,2019-04-19T07:21:39Z,2019-04-30T00:14:37Z
b3c8e33e-8665-4004-900b-334b0da6bab5,7,2019-04-08T04:25:35Z,2019-04-30T05:14:41Z
3494ba9a-15b4-4032-88ac-f4d2582450a4,4,2019-04-15T07:03:26Z,2019-04-30T15:49:59Z
1e0dd5c0-a362-4960-ba38-2535e44c58a9,6,2019-04-23T04:14:33Z,2019-04-30T03:02:15Z
3b5ccc6d-92e5-4991-b6c8-59bfd6b2b83c,8,2019-04-27T18:31:52Z,2019-04-30T06:04:06Z
c73b9b18-da47-43ec-a92d-ffcf641d29a2,8,2019-04-11T17:38:50Z,2019-04-30T12:41:22Z
391516c9-1769-443e-854f-e626d7e107d3,3,2019-04-07T01:06:13Z,2019-04-30T04:54:09Z
fbcd8188-6387-430c-8497-a9ddf2dbd592,4,2019-04-09T23:54:32Z,2019-04-30T01:34:29Z
b0b4140a-ee78-439c-8a19-fb4c6ab84b32,6,2019-04-23T19:12:59Z,2019-04-30T09:13:44Z
e976ec69-ab54-4b94-aca6-e9720449d2ea,2,2019-04-03T21:50:47Z,2019-04-30T18:02:22Z
02705e6b-48af-411b-8394-1942f903fc1a,5,2019-04-07T01:01:59Z,2019-04-30T00:10:51Z
7243c6b7-324a-4cd9-995c-584174991cc3,7,2019-04-17T17:59:14Z,2019-04-30T04:46:19Z
3e2d07ea-43ba-412d-9d5b-79831302aa54,9,2019-04-15T04:17:35Z,2019-04-30T22:22:58Z
1ecbb01e-1bf2-41a9-8b22-bb15ca2bb8bf,8,2019-04-26T12:41:17Z,2019-04-30T13:08:16Z
e5c184c4-470b-4283-9f47-90f00769f0a6,3,2019-04-25T04:50:05Z,2019-04-30T22:27:36Z
a3bc2a9a-d682-4cf6-a0a1-2feae11a826c,7,2019-04-18T16:23:29Z,2019-04-30T17:31:30Z
5cf159a5-c30d-451e-b113-3dd6a294ff64,7,2019-04-17T00:11:17Z,2019-04-30T17:36:12Z
0f9a8ab6-b8d5-456c-a36a-90eb98ca4604,4,2019-04-13T13:24:13Z,2019-04-30T21:37:17Z
ab0136be-b099-4a5b-9928-ae4ad5bbda1c,9,2019-04-01T20:12:53Z,2019-04-30T11:30:21Z
b5fabbd1-a405-4c16-a016-1630f73c52be,1,2019-04-08T22:39:51Z,2019-04-30T01:03:28Z
f1f288b5-c20a-45d7-af79-3e17cefb962e,7,2019-04-03T17:30:40Z,2019-04-30T23:00:31Z
a2c8ef70-6b57-4080-8e26-3e368ef8cd37,2,2019-04-27T03:37:03Z,2019-04-30T13:40:12Z
b894268d-d98d-42b9-a375-e98aa110f389,2,2019-04-10T07:51:28Z,2019-04-30T03:20:31Z
64864183-5dbd-4376-b90d-68877d602297,8,2019-04-21T03:44:42Z,2019-04-30T21:13:47Z
5c969e40-d926-4fc7-addc-9e690bbc3427,8,2019-04-25T15:05:19Z,2019-04-30T19:13:19Z
50cdf358-66cc-4f7f-a2d4-30bb3e484e8f,1,2019-04-27T16:23:57Z,2019-04-30T02:57:22Z
85fbe171-c79e-46c2-ad55-a926d8d790e0,4,2019-04-12T17:20:29Z,2019-04-30T22:22:05Z
b9e5b21d-b3cd-49c1-8673-96953b88bc1c,4,2019-04-03T22:27:37Z,2019-04-30T10:38:43Z
ddf32e59-3e15-4aca-88a3-84c5114bf30b,3,2019-04-25T15:28:06Z,2019-04-30T11:51:49Z
6d8c4d51-60f9-46e2-b54a-e7a375b1d287,5,2019-04-20T00:29:25Z,2019-04-30T23:28:27Z
08b0f6a5-d30b-4a84-9ce8-f404d1152f84,10,2019-04-25T00:06:01Z,2019-04-30T16:39:05Z
a61bd35d-5cdb-452b-8e2a-dfd11dbf11a3,4,2019-04-08T05:00:30Z,2019-04-30T04:41:09Z
6e1851ae-ae8a-4e65-8d2f-2f9ad2b6a584,1,2019-04-29T01:09:40Z,2019-04-30T22:59:19Z
26aa23ab-73e1-4597-83e2-44076c0c2929,8,2019-04-11T09:24:54Z,2019-04-30T10:01:25Z
46c052e5-278f-4bbe-82d9-2f893ef9777c,10,2019-04-15T20:45:18Z,2019-04-30T16:59:38Z
07ff865e-7239-4af5-aeba-1d808446dc39,5,2019-04-22T03:11:25Z,2019-04-30T14:50:50Z
8bee81f4-8d0e-4599-9d00-5bba84e2f5d8,4,2019-04-13T16:46:12Z,2019-04-30T00:39:17Z
0d328f3b-a235-4d50-ad59-c13385cfd18c,7,2019-04-06T21:32:35Z,2019-04-30T06:27:30Z
2f9f3268-8767-4c37-a20a-d14c49993a8f,4,2019-04-16T07:37:21Z,2019-04-30T00:09:22Z
c5446de2-6806-4cbd-a894-fd808c717829,7,2019-04-08T21:11:43Z,2019-04-30T19:42:38Z
ba7ee2d6-b0f0-4642-bee9-bf98d030f850,3,2019-04-04T13:45:24Z,2019-04-30T22:00:14Z
c53e7f5e-1529-4121-9f0a-b710a2240749,3,2019-04-23T07:22:45Z,2019-04-30T06:42:01Z
5ec31960-67e4-40a3-bfcd-920b9842668d,3,2019-04-05T04:01:00Z,2019-04-30T21:52:08Z
5c956d88-7d4a-4bfe-9564-9cc8331995f6,4,2019-04-18T06:39:47Z,2019-04-30T18:15:21Z
5e863912-c19c-4bba-901e-be55884e5e03,8,2019-04-06T21:09:27Z,2019-04-30T16:35:57Z
d5b4ea5d-7b21-4b32-851a-b043b427e3e4,9,2019-04-11T11:12:37Z,2019-04-30T19:23:50Z
60af91f5-9a86-4872-9c2c-9b7b5b5b21a2,10,2019-04-14T21:32:52Z,2019-04-30T09:47:25Z
15331580-5484-4cc5-a422-1815e54446d3,8,2019-04-23T10:49:50Z,2019-04-30T04:56:12Z
28621a5c-e075-4195-b5eb-da74b361a041,2,2019-04-11T07:17:36Z,2019-04-30T14:27:03Z
ff0cbedc-7f29-4f09-af9b-ff4c5ca1fdd4,5,2019-04-03T21:20:55Z,2019-04-30T08:03:53Z
3c02eaec-6b64-466e-a4d1-64b58d8fcf8b,6,2019-04-08T13:47:42Z,2019-04-30T04:17:51Z
a5ffbf04-1899-4a6e-9967-573b2931cef4,6,2019-04-03T12:15:32Z,2019-04-30T02:08:07Z
04fa74d8-47a8-4c89-b863-a155f21d4356,4,2019-04-13T19:10:29Z,2019-04-30T08:36:09Z
7a2a3cf8-e693-4dc2-8f36-e149edd7a6fa,3,2019-04-07T16:26:35Z,2019-04-30T19:07:47Z
132dd331-f558-4111-b7d5-fa6c68e01fe6,7,2019-04-02T07:32:52Z,2019-04-30T22:14:09Z
a431ab75-3a36-47bc-8f49-934b570cdac7,3,2019-04-01T16:49:01Z,2019-04-30T18:25:04Z
10c19da0-8df6-4903-9510-e2fcb0387b3d,1,2019-04-07T20:06:30Z,2019-04-30T08:36:56Z
f1dbc0fa-3d18-4e1d-9e97-d42b24d8f104,2,2019-04-22T06:26:31Z,2019-04-30T23:21:46Z
b5e5a480-623e-45e9-8d6f-6be597b4853f,8,2019-04-01T20:11:57Z,2019-04-30T03:29:44Z
fc65dfc3-195c-4464-8cd7-fd61873109aa,6,2019-04-22T23:54:27Z,2019-04-30T09:14:17Z
43a839c3-8c85-4560-b003-3cc6f109bc47,6,2019-04-04T18:51:32Z,2019-04-30T08:25:43Z
6538f9c2-9995-4543-a9a4-c77510b529a6,4,2019-04-17T00:39:20Z,2019-04-30T01:24:56Z
45c5419b-a19f-4b35-a2f2-1a8164151263,6,2019-04-02T03:00:46Z,2019-04-30T11:10:52Z
ff489342-501b-47ce-99d8-057d39697e6e,8,2019-04-25T08:19:40Z,2019-04-30T08:44:41Z
45a09fc8-7f14-4e5b-8886-6ccf35508150,1,2019-04-13T12:03:13Z,2019-04-30T22:21:13Z
21a51c1d-4050-40e8-bdf8-1b2e8bdf4360,1,2019-04-29T10:12:10Z,2019-04-30T06:03:17Z
ff7552e9-2128-4e99-9b66-2fd3e477a2ed,8,2019-04-06T22:02:06Z,2019-04-30T09:03:34Z
ad276b40-86ba-4a42-aa3e-66316fd7bf5d,5,2019-04-17T16:25:44Z,2019-04-30T11:45:54Z
5f1b7241-ff37-4008-9da0-6c65d80d02b7,10,2019-04-29T11:33:30Z,2019-04-30T05:23:07Z
fe09ddc7-1176-4daa-b531-3478b7cf10c3,6,2019-04-13T16:01:58Z,2019-04-30T12:33:00Z
f9a5f316-bd9c-4072-bd1a-2eb208daf646,6,2019-04-11T08:46:18Z,2019-04-30T18:54:34Z
d3b250b3-feb0-4737-8ca0-23a2393cdd90,1,2019-04-02T06:23:37Z,2019-04-30T06:27:19Z
dd311ef1-2878-4b75-a1b8-8fffe2c68b8d,6,2019-04-07T16:28:50Z,2019-04-30T21:48:54Z
05870930-2eb9-4f98-81da-09628026ac30,8,2019-04-18T03:44:10Z,2019-04-30T13:32:55Z
38d2e94b-fa5e-4bf0-984b-20f705b282c3,9,2019-04-28T19:39:58Z,2019-04-30T05:06:03Z
05ed7510-f8ea-4928-a8c3-c60a6f58b870,9,2019-04-04T17:53:49Z,2019-04-30T01:42:03Z
b7456bdf-ec2b-4b7e-a9f1-d700a7d0e966,2,2019-04-29T14:07:14Z,2019-04-30T02:18:44Z
67fff69e-252a-4268-9648-b527a22b11a6,5,2019-04-12T11:01:06Z,2019-04-30T03:57:12Z
ffd6951e-4b11-4dcc-b141-fb7eff15d691,4,2019-04-02T14:23:14Z,2019-04-30T18:27:46Z
0bdca24d-354e-4cd4-b9b0-f514efbc4c70,8,2019-04-25T06:07:53Z,2019-04-30T13:12:46Z
b7c0f8a1-dd6c-4490-871e-5e4192800ba7,7,2019-04-02T03:46:23Z,2019-04-30T16:36:37Z
5a78616d-6a8f-40d7-b648-8d050de31023,8,2019-04-23T06:20:02Z,2019-04-30T08:27:25Z
560cd360-334c-4a37-8b96-82734c54fa30,5,2019-04-13T22:48:41Z,2019-04-30T05:08:00Z
c6f09dd7-51fd-41a1-b211-1e011b426083,4,2019-04-03T20:03:40Z,2019-04-30T21:12:20Z
98805321-3e1c-4c86-a135-8a17939becc6,8,2019-04-19T22:04:18Z,2019-04-30T23:00:28Z
23d85f10-6a7c-4eb6-9293-3aefbdd66ff8,8,2019-04-17T05:57:25Z,2019-04-30T02:02:21Z
1997bc28-3b0d-4790-979d-6460f0b75727,3,2019-04-26T14:30:38Z,2019-04-30T05:23:32Z
3c1285d1-5844-49d2-bdf9-0d6b02ff1b1a,5,2019-04-05T16:43:29Z,2019-04-30T01:48:46Z
01c756c2-9a87-4b45-8908-50c85ebfed69,8,2019-04-12T00:31:13Z,2019-04-30T06:23:38Z
49c9b648-311b-41ca-abd2-e6b3238fdc6c,2,2019-04-12T00:30:47Z,2019-04-30T02:52:27Z
40e58253-a8a8-4da1-8a94-167dae8e2f98,5,2019-04-10T09:31:36Z,2019-04-30T18:49:18Z
654c5951-f9c4-42a3-943f-e496ed87a388,10,2019-04-25T13:13:20Z,2019-04-30T02:18:44Z
666c84e3-ea33-4b14-81ba-e426069fcc7c,10,2019-04-06T19:41:40Z,2019-04-30T00:04:21Z
fdabfc52-37b5-432d-8905-f1780e26fe92,6,2019-04-14T01:40:10Z,2019-04-30T07:49:10Z
fca47efd-d10e-4abc-93a1-8a51ab07c823,1,2019-04-23T14:59:38Z,2019-04-30T07:52:45Z
6035f985-cf2a-4742-b86c-bf9fa7b2e29d,6,2019-04-18T06:36:54Z,2019-04-30T23:28:17Z
41cbcdb2-62e6-47b7-bfda-b6f7726efe5e,2,2019-04-22T14:41:15Z,2019-04-30T22:53:29Z
2108694d-9f49-4c90-a6d5-9b5e533ee6c7,7,2019-04-27T14:10:58Z,2019-04-30T13:42:34Z
285ac14c-6f68-4881-836c-7f04c8533246,2,2019-04-25T10:21:13Z,2019-04-30T13:11:54Z
a56a62f6-aa44-484f-b5d1-822678c205d8,1,2019-04-03T06:34:22Z,2019-04-30T15:18:32Z
975ab39b-ea66-4cd9-980e-1b9ca872dc52,6,2019-04-26T09:41:46Z,2019-04-30T05:04:35Z
ef6f12b6-8dd2-4233-b6d5-346eec36d840,1,2019-04-16T12:53:54Z,2019-04-30T16:17:16Z
4ba20257-2b38-42cb-90f9-369bfa306852,6,2019-04-14T22:30:31Z,2019-04-30T00:44:37Z
5ec9f4ed-10ba-4a98-9e02-92ca4ea2e173,4,2019-04-12T02:01:57Z,2019-04-30T09:22:49Z
566831fe-5354-4cb2-8a6e-1d8840bc27a4,10,2019-04-25T16:59:28Z,2019-04-30T21:31:25Z
d7bf7fa9-a1e7-4385-879c-17ad81d13f46,6,2019-04-12T19:57:11Z,2019-04-30T11:38:15Z
3ea4a4ae-0fb5-4ead-96ac-19edc36c398f,10,2019-04-07T04:33:27Z,2019-04-30T09:23:45Z
be319257-17ca-4adb-add2-8a6caa8a4b34,10,2019-04-13T13:31:23Z,2019-04-30T14:41:17Z
0b10a917-ce28-49f2-a62a-2c0a5d30c778,6,2019-04-16T12:59:38Z,2019-04-30T06:23:58Z
22596b94-4361-43b7-b5c8-a4588e2a69ec,2,2019-04-13T06:01:22Z,2019-04-30T02:00:29Z
16bee2fe-ba14-480f-a269-aeb037d5a2f1,8,2019-04-29T10:06:39Z,2019-04-30T19:25:53Z
05c190a9-78ed-47b3-9c6e-9600a43ecaed,2,2019-04-14T03:51:35Z,2019-04-30T17:45:12Z
cfd4c90b-c4c7-4e9b-bf2b-ea81f60a6edd,4,2019-04-15T03:22:50Z,2019-04-30T03:13:37Z
8c48e723-ec32-49c1-9db5-dc9335f18bf8,7,2019-04-27T00:18:28Z,2019-10-30T13:46:43Z
